ARM GAS  /var/folders/bp/ytvqs5756l50d7lg2fzmjpcr0000gn/T//cc9bXJUW.s 			page 1


   1              		.cpu cortex-m0
   2              		.arch armv6s-m
   3              		.fpu softvfp
   4              		.eabi_attribute 20, 1
   5              		.eabi_attribute 21, 1
   6              		.eabi_attribute 23, 3
   7              		.eabi_attribute 24, 1
   8              		.eabi_attribute 25, 1
   9              		.eabi_attribute 26, 1
  10              		.eabi_attribute 30, 1
  11              		.eabi_attribute 34, 0
  12              		.eabi_attribute 18, 4
  13              		.file	"haptic_feedback_controller.c"
  14              		.text
  15              	.Ltext0:
  16              		.cfi_sections	.debug_frame
  17              		.file 1 "Core/Src/haptic_feedback_controller.c"
  18              		.section	.text.haptic_feedback_modify_register,"ax",%progbits
  19              		.align	1
  20              		.syntax unified
  21              		.code	16
  22              		.thumb_func
  24              	haptic_feedback_modify_register:
  25              	.LVL0:
  26              	.LFB40:
   1:Core/Src/haptic_feedback_controller.c **** #include "haptic_feedback_controller.h"
   2:Core/Src/haptic_feedback_controller.c **** #include "peripherals.h"
   3:Core/Src/haptic_feedback_controller.c **** #include "main.h"
   4:Core/Src/haptic_feedback_controller.c **** 
   5:Core/Src/haptic_feedback_controller.c **** /**
   6:Core/Src/haptic_feedback_controller.c ****  * @brief Modifies specific bits in a given register via I2C.
   7:Core/Src/haptic_feedback_controller.c ****  *
   8:Core/Src/haptic_feedback_controller.c ****  * This function performs a read-modify-write operation on a specified register.
   9:Core/Src/haptic_feedback_controller.c ****  *
  10:Core/Src/haptic_feedback_controller.c ****  * @param reg_address The address of the register to modify.
  11:Core/Src/haptic_feedback_controller.c ****  * @param mask        The bitmask indicating which bits to modify.
  12:Core/Src/haptic_feedback_controller.c ****  * @param value       The new value to set for the specified bits.
  13:Core/Src/haptic_feedback_controller.c ****  * @return HAL_StatusTypeDef Status of the I2C operations.
  14:Core/Src/haptic_feedback_controller.c ****  */
  15:Core/Src/haptic_feedback_controller.c **** static HAL_StatusTypeDef haptic_feedback_modify_register(uint8_t reg_address, uint8_t mask, uint8_t
  27              		.loc 1 15 108 view -0
  28              		.cfi_startproc
  29              		@ args = 0, pretend = 0, frame = 16
  30              		@ frame_needed = 0, uses_anonymous_args = 0
  31              		.loc 1 15 108 is_stmt 0 view .LVU1
  32 0000 30B5     		push	{r4, r5, lr}
  33              	.LCFI0:
  34              		.cfi_def_cfa_offset 12
  35              		.cfi_offset 4, -12
  36              		.cfi_offset 5, -8
  37              		.cfi_offset 14, -4
  38 0002 87B0     		sub	sp, sp, #28
  39              	.LCFI1:
  40              		.cfi_def_cfa_offset 40
  41 0004 0D00     		movs	r5, r1
  42 0006 1400     		movs	r4, r2
  43 0008 0F22     		movs	r2, #15
ARM GAS  /var/folders/bp/ytvqs5756l50d7lg2fzmjpcr0000gn/T//cc9bXJUW.s 			page 2


  44              	.LVL1:
  45              		.loc 1 15 108 view .LVU2
  46 000a 6A44     		add	r2, r2, sp
  47 000c 1070     		strb	r0, [r2]
  16:Core/Src/haptic_feedback_controller.c ****     HAL_StatusTypeDef status;
  48              		.loc 1 16 5 is_stmt 1 view .LVU3
  17:Core/Src/haptic_feedback_controller.c ****     uint8_t reg_value;
  49              		.loc 1 17 5 view .LVU4
  18:Core/Src/haptic_feedback_controller.c **** 
  19:Core/Src/haptic_feedback_controller.c ****     // Transmit the register address
  20:Core/Src/haptic_feedback_controller.c ****     status = HAL_I2C_Master_Transmit(&hi2c1, DRV2605L_I2C_ADDR, &reg_address, 1, HAL_MAX_DELAY);
  50              		.loc 1 20 5 view .LVU5
  51              		.loc 1 20 14 is_stmt 0 view .LVU6
  52 000e 1848     		ldr	r0, .L4
  53              	.LVL2:
  54              		.loc 1 20 14 view .LVU7
  55 0010 0123     		movs	r3, #1
  56 0012 5B42     		rsbs	r3, r3, #0
  57 0014 0093     		str	r3, [sp]
  58              	.LVL3:
  59              		.loc 1 20 14 view .LVU8
  60 0016 0233     		adds	r3, r3, #2
  61 0018 B421     		movs	r1, #180
  62              	.LVL4:
  63              		.loc 1 20 14 view .LVU9
  64 001a FFF7FEFF 		bl	HAL_I2C_Master_Transmit
  65              	.LVL5:
  21:Core/Src/haptic_feedback_controller.c ****     if (status != HAL_OK) {
  66              		.loc 1 21 5 is_stmt 1 view .LVU10
  67              		.loc 1 21 8 is_stmt 0 view .LVU11
  68 001e 0028     		cmp	r0, #0
  69 0020 01D0     		beq	.L3
  70              	.LVL6:
  71              	.L2:
  22:Core/Src/haptic_feedback_controller.c ****         return status;
  23:Core/Src/haptic_feedback_controller.c ****     }
  24:Core/Src/haptic_feedback_controller.c **** 
  25:Core/Src/haptic_feedback_controller.c ****     // Receive the current register value
  26:Core/Src/haptic_feedback_controller.c ****     status = HAL_I2C_Master_Receive(&hi2c1, DRV2605L_I2C_ADDR, &reg_value, 1, HAL_MAX_DELAY);
  27:Core/Src/haptic_feedback_controller.c ****     if (status != HAL_OK) {
  28:Core/Src/haptic_feedback_controller.c ****         return status;
  29:Core/Src/haptic_feedback_controller.c ****     }
  30:Core/Src/haptic_feedback_controller.c **** 
  31:Core/Src/haptic_feedback_controller.c ****     // Modify the register value
  32:Core/Src/haptic_feedback_controller.c ****     reg_value = (reg_value & ~mask) | (value & mask);
  33:Core/Src/haptic_feedback_controller.c **** 
  34:Core/Src/haptic_feedback_controller.c ****     // Transmit the modified register value
  35:Core/Src/haptic_feedback_controller.c ****     uint8_t data[2] = {reg_address, reg_value};
  36:Core/Src/haptic_feedback_controller.c ****     return HAL_I2C_Master_Transmit(&hi2c1, DRV2605L_I2C_ADDR, data, 2, HAL_MAX_DELAY);
  37:Core/Src/haptic_feedback_controller.c **** }
  72              		.loc 1 37 1 view .LVU12
  73 0022 07B0     		add	sp, sp, #28
  74              		@ sp needed
  75              	.LVL7:
  76              		.loc 1 37 1 view .LVU13
  77 0024 30BD     		pop	{r4, r5, pc}
  78              	.LVL8:
ARM GAS  /var/folders/bp/ytvqs5756l50d7lg2fzmjpcr0000gn/T//cc9bXJUW.s 			page 3


  79              	.L3:
  26:Core/Src/haptic_feedback_controller.c ****     if (status != HAL_OK) {
  80              		.loc 1 26 5 is_stmt 1 view .LVU14
  26:Core/Src/haptic_feedback_controller.c ****     if (status != HAL_OK) {
  81              		.loc 1 26 14 is_stmt 0 view .LVU15
  82 0026 1248     		ldr	r0, .L4
  83              	.LVL9:
  26:Core/Src/haptic_feedback_controller.c ****     if (status != HAL_OK) {
  84              		.loc 1 26 14 view .LVU16
  85 0028 0123     		movs	r3, #1
  86 002a 5B42     		rsbs	r3, r3, #0
  87 002c 0093     		str	r3, [sp]
  88 002e 0233     		adds	r3, r3, #2
  89 0030 1722     		movs	r2, #23
  90 0032 6A44     		add	r2, r2, sp
  91 0034 B421     		movs	r1, #180
  92 0036 FFF7FEFF 		bl	HAL_I2C_Master_Receive
  93              	.LVL10:
  27:Core/Src/haptic_feedback_controller.c ****         return status;
  94              		.loc 1 27 5 is_stmt 1 view .LVU17
  27:Core/Src/haptic_feedback_controller.c ****         return status;
  95              		.loc 1 27 8 is_stmt 0 view .LVU18
  96 003a 0028     		cmp	r0, #0
  97 003c F1D1     		bne	.L2
  32:Core/Src/haptic_feedback_controller.c **** 
  98              		.loc 1 32 5 is_stmt 1 view .LVU19
  32:Core/Src/haptic_feedback_controller.c **** 
  99              		.loc 1 32 28 is_stmt 0 view .LVU20
 100 003e EB43     		mvns	r3, r5
 101 0040 5BB2     		sxtb	r3, r3
 102 0042 1722     		movs	r2, #23
 103 0044 6A44     		add	r2, r2, sp
 104 0046 1178     		ldrb	r1, [r2]
  32:Core/Src/haptic_feedback_controller.c **** 
 105              		.loc 1 32 37 view .LVU21
 106 0048 2C40     		ands	r4, r5
 107 004a 0B40     		ands	r3, r1
 108 004c 1C43     		orrs	r4, r3
  32:Core/Src/haptic_feedback_controller.c **** 
 109              		.loc 1 32 15 view .LVU22
 110 004e 1470     		strb	r4, [r2]
  35:Core/Src/haptic_feedback_controller.c ****     return HAL_I2C_Master_Transmit(&hi2c1, DRV2605L_I2C_ADDR, data, 2, HAL_MAX_DELAY);
 111              		.loc 1 35 5 is_stmt 1 view .LVU23
  35:Core/Src/haptic_feedback_controller.c ****     return HAL_I2C_Master_Transmit(&hi2c1, DRV2605L_I2C_ADDR, data, 2, HAL_MAX_DELAY);
 112              		.loc 1 35 13 is_stmt 0 view .LVU24
 113 0050 05AA     		add	r2, sp, #20
 114 0052 0F23     		movs	r3, #15
 115 0054 6B44     		add	r3, r3, sp
 116 0056 1B78     		ldrb	r3, [r3]
 117 0058 1370     		strb	r3, [r2]
 118 005a 5470     		strb	r4, [r2, #1]
  36:Core/Src/haptic_feedback_controller.c **** }
 119              		.loc 1 36 5 is_stmt 1 view .LVU25
  36:Core/Src/haptic_feedback_controller.c **** }
 120              		.loc 1 36 12 is_stmt 0 view .LVU26
 121 005c 0448     		ldr	r0, .L4
 122              	.LVL11:
ARM GAS  /var/folders/bp/ytvqs5756l50d7lg2fzmjpcr0000gn/T//cc9bXJUW.s 			page 4


  36:Core/Src/haptic_feedback_controller.c **** }
 123              		.loc 1 36 12 view .LVU27
 124 005e 0123     		movs	r3, #1
 125 0060 5B42     		rsbs	r3, r3, #0
 126 0062 0093     		str	r3, [sp]
 127 0064 0333     		adds	r3, r3, #3
 128 0066 B421     		movs	r1, #180
 129 0068 FFF7FEFF 		bl	HAL_I2C_Master_Transmit
 130              	.LVL12:
 131 006c D9E7     		b	.L2
 132              	.L5:
 133 006e C046     		.align	2
 134              	.L4:
 135 0070 00000000 		.word	hi2c1
 136              		.cfi_endproc
 137              	.LFE40:
 139              		.section	.text.haptic_feedback_enable,"ax",%progbits
 140              		.align	1
 141              		.global	haptic_feedback_enable
 142              		.syntax unified
 143              		.code	16
 144              		.thumb_func
 146              	haptic_feedback_enable:
 147              	.LFB44:
  38:Core/Src/haptic_feedback_controller.c **** 
  39:Core/Src/haptic_feedback_controller.c **** /**
  40:Core/Src/haptic_feedback_controller.c ****  * @brief Initializes the haptic feedback controller.
  41:Core/Src/haptic_feedback_controller.c ****  *
  42:Core/Src/haptic_feedback_controller.c ****  * This function starts the auto-calibration procedure.
  43:Core/Src/haptic_feedback_controller.c ****  */
  44:Core/Src/haptic_feedback_controller.c **** void haptic_feedback_controller_initialize(void) {
  45:Core/Src/haptic_feedback_controller.c ****     bool success = false;
  46:Core/Src/haptic_feedback_controller.c **** 
  47:Core/Src/haptic_feedback_controller.c ****     while (!success) {
  48:Core/Src/haptic_feedback_controller.c ****         HAL_StatusTypeDef status = haptic_feedback_init_for_wideband_LRA();
  49:Core/Src/haptic_feedback_controller.c ****         if (status == HAL_OK) {
  50:Core/Src/haptic_feedback_controller.c ****             success = true;
  51:Core/Src/haptic_feedback_controller.c ****         }
  52:Core/Src/haptic_feedback_controller.c ****         HAL_Delay(100);
  53:Core/Src/haptic_feedback_controller.c ****     }
  54:Core/Src/haptic_feedback_controller.c **** }
  55:Core/Src/haptic_feedback_controller.c **** 
  56:Core/Src/haptic_feedback_controller.c **** /**
  57:Core/Src/haptic_feedback_controller.c ****  * @brief Runs the auto-calibration procedure for the haptic feedback controller.
  58:Core/Src/haptic_feedback_controller.c ****  */
  59:Core/Src/haptic_feedback_controller.c **** bool haptic_feedback_run_auto_calibration_procedure(void) {
  60:Core/Src/haptic_feedback_controller.c ****     HAL_StatusTypeDef status;
  61:Core/Src/haptic_feedback_controller.c **** 
  62:Core/Src/haptic_feedback_controller.c ****     haptic_feedback_enable();
  63:Core/Src/haptic_feedback_controller.c ****     haptic_feedback_set_mode(DRV2605L_MODE_CALIBRATION);
  64:Core/Src/haptic_feedback_controller.c **** 
  65:Core/Src/haptic_feedback_controller.c ****     // Populate the input parameters required by the auto-calibration engine
  66:Core/Src/haptic_feedback_controller.c ****     status  = haptic_feedback_set_actuator_type(LRA);
  67:Core/Src/haptic_feedback_controller.c ****     status |= haptic_feedback_set_brake_factor(2);
  68:Core/Src/haptic_feedback_controller.c ****     status |= haptic_feedback_set_loop_gain(2);
  69:Core/Src/haptic_feedback_controller.c ****     status |= haptic_feedback_set_rated_voltage(105);
  70:Core/Src/haptic_feedback_controller.c ****     status |= haptic_feedback_set_od_clamp(126);
ARM GAS  /var/folders/bp/ytvqs5756l50d7lg2fzmjpcr0000gn/T//cc9bXJUW.s 			page 5


  71:Core/Src/haptic_feedback_controller.c ****     status |= haptic_feedback_set_auto_calibration_time(3);
  72:Core/Src/haptic_feedback_controller.c ****     status |= haptic_feedback_set_drive_time(24);
  73:Core/Src/haptic_feedback_controller.c ****     status |= haptic_feedback_set_sample_time(3);
  74:Core/Src/haptic_feedback_controller.c ****     status |= haptic_feedback_set_blanking_time(1);
  75:Core/Src/haptic_feedback_controller.c ****     status |= haptic_feedback_set_idiss_time(1);
  76:Core/Src/haptic_feedback_controller.c ****     status |= haptic_feedback_set_zc_det_time(0);
  77:Core/Src/haptic_feedback_controller.c **** 
  78:Core/Src/haptic_feedback_controller.c ****     haptic_feedback_start();
  79:Core/Src/haptic_feedback_controller.c **** 
  80:Core/Src/haptic_feedback_controller.c ****     HAL_Delay(5000); // Wait for the calibration to complete
  81:Core/Src/haptic_feedback_controller.c **** 
  82:Core/Src/haptic_feedback_controller.c ****     uint8_t diagnostic_result;
  83:Core/Src/haptic_feedback_controller.c ****     status |= haptic_feedback_get_calibration_diagnostic_result(&diagnostic_result);
  84:Core/Src/haptic_feedback_controller.c **** 
  85:Core/Src/haptic_feedback_controller.c ****     // checkout if bit 3 is 0 or 1. if 1, calibration failed and we should retry
  86:Core/Src/haptic_feedback_controller.c ****     while ((diagnostic_result & 0x08) != 0) {
  87:Core/Src/haptic_feedback_controller.c ****         return false;
  88:Core/Src/haptic_feedback_controller.c ****     }
  89:Core/Src/haptic_feedback_controller.c **** 
  90:Core/Src/haptic_feedback_controller.c ****     // Pause for a moment to allow the calibration to complete
  91:Core/Src/haptic_feedback_controller.c ****     HAL_Delay(5000);
  92:Core/Src/haptic_feedback_controller.c **** 
  93:Core/Src/haptic_feedback_controller.c ****     return true;
  94:Core/Src/haptic_feedback_controller.c **** }
  95:Core/Src/haptic_feedback_controller.c **** 
  96:Core/Src/haptic_feedback_controller.c **** /**
  97:Core/Src/haptic_feedback_controller.c ****  * @brief Initializes the haptic feedback controller for a wideband LRA.
  98:Core/Src/haptic_feedback_controller.c ****  *
  99:Core/Src/haptic_feedback_controller.c ****  * This function configures the DRV2605L driver for a wideband LRA actuator.
 100:Core/Src/haptic_feedback_controller.c ****  *
 101:Core/Src/haptic_feedback_controller.c ****  * @return HAL_StatusTypeDef Status of the I2C operations.
 102:Core/Src/haptic_feedback_controller.c ****  */
 103:Core/Src/haptic_feedback_controller.c **** HAL_StatusTypeDef haptic_feedback_init_for_wideband_LRA(void)
 104:Core/Src/haptic_feedback_controller.c **** {
 105:Core/Src/haptic_feedback_controller.c ****     HAL_StatusTypeDef status = HAL_OK;
 106:Core/Src/haptic_feedback_controller.c **** 
 107:Core/Src/haptic_feedback_controller.c ****     // 1) Enable the DRV2605L driver pin
 108:Core/Src/haptic_feedback_controller.c ****     haptic_feedback_enable();
 109:Core/Src/haptic_feedback_controller.c **** 
 110:Core/Src/haptic_feedback_controller.c ****     // 2) Put the device in Internal Trigger Mode (0x00). 
 111:Core/Src/haptic_feedback_controller.c ****     //    This also clears STANDBY (bit 6 in MODE register).
 112:Core/Src/haptic_feedback_controller.c ****     status = haptic_feedback_set_mode(DRV2605L_MODE_INTERNAL_TRIGGER);
 113:Core/Src/haptic_feedback_controller.c ****     if (status != HAL_OK) {
 114:Core/Src/haptic_feedback_controller.c ****         return status;
 115:Core/Src/haptic_feedback_controller.c ****     }
 116:Core/Src/haptic_feedback_controller.c **** 
 117:Core/Src/haptic_feedback_controller.c ****     // 3) Select LRA in the FEEDBACK_CONTROL register (bit 7).
 118:Core/Src/haptic_feedback_controller.c ****     //    This ensures the device is configured for LRA rather than ERM.
 119:Core/Src/haptic_feedback_controller.c ****     status = haptic_feedback_set_actuator_type(LRA);
 120:Core/Src/haptic_feedback_controller.c ****     if (status != HAL_OK) {
 121:Core/Src/haptic_feedback_controller.c ****         return status;
 122:Core/Src/haptic_feedback_controller.c ****     }
 123:Core/Src/haptic_feedback_controller.c **** 
 124:Core/Src/haptic_feedback_controller.c ****     // 4) Write directly to CONTROL3 (Register 0x1D) to enable LRA open-loop.
 125:Core/Src/haptic_feedback_controller.c ****     status = haptic_feedback_set_open_loop(true);
 126:Core/Src/haptic_feedback_controller.c ****     if (status != HAL_OK) {
 127:Core/Src/haptic_feedback_controller.c ****         return status;
ARM GAS  /var/folders/bp/ytvqs5756l50d7lg2fzmjpcr0000gn/T//cc9bXJUW.s 			page 6


 128:Core/Src/haptic_feedback_controller.c ****     }
 129:Core/Src/haptic_feedback_controller.c **** 
 130:Core/Src/haptic_feedback_controller.c ****     // 5) Set OL_LRA_PERIOD (Register 0x20) for ~170 Hz
 131:Core/Src/haptic_feedback_controller.c ****     status = haptic_feedback_set_ol_lra_period(170);
 132:Core/Src/haptic_feedback_controller.c ****     if (status != HAL_OK) {
 133:Core/Src/haptic_feedback_controller.c ****         return status;
 134:Core/Src/haptic_feedback_controller.c ****     }
 135:Core/Src/haptic_feedback_controller.c **** 
 136:Core/Src/haptic_feedback_controller.c ****     // 6) (Optional) Set OD_CLAMP so the driver does not exceed ~2.5–3 V beyond rated voltage
 137:Core/Src/haptic_feedback_controller.c ****     //    in open-loop. Adjust as needed.
 138:Core/Src/haptic_feedback_controller.c ****     status = haptic_feedback_set_od_clamp(126);
 139:Core/Src/haptic_feedback_controller.c ****     if (status != HAL_OK) {
 140:Core/Src/haptic_feedback_controller.c ****         return status;
 141:Core/Src/haptic_feedback_controller.c ****     }
 142:Core/Src/haptic_feedback_controller.c **** 
 143:Core/Src/haptic_feedback_controller.c ****     return status;
 144:Core/Src/haptic_feedback_controller.c **** }
 145:Core/Src/haptic_feedback_controller.c **** 
 146:Core/Src/haptic_feedback_controller.c **** /**
 147:Core/Src/haptic_feedback_controller.c ****  * @brief Enables the haptic driver.
 148:Core/Src/haptic_feedback_controller.c ****  */
 149:Core/Src/haptic_feedback_controller.c **** inline void haptic_feedback_enable(void) {
 148              		.loc 1 149 42 is_stmt 1 view -0
 149              		.cfi_startproc
 150              		@ args = 0, pretend = 0, frame = 0
 151              		@ frame_needed = 0, uses_anonymous_args = 0
 152 0000 10B5     		push	{r4, lr}
 153              	.LCFI2:
 154              		.cfi_def_cfa_offset 8
 155              		.cfi_offset 4, -8
 156              		.cfi_offset 14, -4
 150:Core/Src/haptic_feedback_controller.c ****     HAL_GPIO_WritePin(HAPTIC_EN_PORT, HAPTIC_EN_PIN, GPIO_PIN_SET);
 157              		.loc 1 150 5 view .LVU29
 158 0002 8021     		movs	r1, #128
 159 0004 0122     		movs	r2, #1
 160 0006 8901     		lsls	r1, r1, #6
 161 0008 0148     		ldr	r0, .L7
 162 000a FFF7FEFF 		bl	HAL_GPIO_WritePin
 163              	.LVL13:
 151:Core/Src/haptic_feedback_controller.c **** }
 164              		.loc 1 151 1 is_stmt 0 view .LVU30
 165              		@ sp needed
 166 000e 10BD     		pop	{r4, pc}
 167              	.L8:
 168              		.align	2
 169              	.L7:
 170 0010 00040048 		.word	1207960576
 171              		.cfi_endproc
 172              	.LFE44:
 174              		.section	.text.haptic_feedback_disable,"ax",%progbits
 175              		.align	1
 176              		.global	haptic_feedback_disable
 177              		.syntax unified
 178              		.code	16
 179              		.thumb_func
 181              	haptic_feedback_disable:
 182              	.LFB45:
ARM GAS  /var/folders/bp/ytvqs5756l50d7lg2fzmjpcr0000gn/T//cc9bXJUW.s 			page 7


 152:Core/Src/haptic_feedback_controller.c **** 
 153:Core/Src/haptic_feedback_controller.c **** /**
 154:Core/Src/haptic_feedback_controller.c ****  * @brief Disables the haptic driver.
 155:Core/Src/haptic_feedback_controller.c ****  */
 156:Core/Src/haptic_feedback_controller.c **** inline void haptic_feedback_disable(void) {
 183              		.loc 1 156 43 is_stmt 1 view -0
 184              		.cfi_startproc
 185              		@ args = 0, pretend = 0, frame = 0
 186              		@ frame_needed = 0, uses_anonymous_args = 0
 187 0000 10B5     		push	{r4, lr}
 188              	.LCFI3:
 189              		.cfi_def_cfa_offset 8
 190              		.cfi_offset 4, -8
 191              		.cfi_offset 14, -4
 157:Core/Src/haptic_feedback_controller.c ****     HAL_GPIO_WritePin(HAPTIC_EN_PORT, HAPTIC_EN_PIN, GPIO_PIN_RESET);
 192              		.loc 1 157 5 view .LVU32
 193 0002 8021     		movs	r1, #128
 194 0004 0022     		movs	r2, #0
 195 0006 8901     		lsls	r1, r1, #6
 196 0008 0148     		ldr	r0, .L10
 197 000a FFF7FEFF 		bl	HAL_GPIO_WritePin
 198              	.LVL14:
 158:Core/Src/haptic_feedback_controller.c **** }
 199              		.loc 1 158 1 is_stmt 0 view .LVU33
 200              		@ sp needed
 201 000e 10BD     		pop	{r4, pc}
 202              	.L11:
 203              		.align	2
 204              	.L10:
 205 0010 00040048 		.word	1207960576
 206              		.cfi_endproc
 207              	.LFE45:
 209              		.section	.text.haptic_feedback_set_actuator_type,"ax",%progbits
 210              		.align	1
 211              		.global	haptic_feedback_set_actuator_type
 212              		.syntax unified
 213              		.code	16
 214              		.thumb_func
 216              	haptic_feedback_set_actuator_type:
 217              	.LVL15:
 218              	.LFB46:
 159:Core/Src/haptic_feedback_controller.c **** 
 160:Core/Src/haptic_feedback_controller.c **** /**
 161:Core/Src/haptic_feedback_controller.c ****  * @brief Configures the actuator type (ERM or LRA).
 162:Core/Src/haptic_feedback_controller.c ****  *
 163:Core/Src/haptic_feedback_controller.c ****  * @param actuator_type The type of actuator to set.
 164:Core/Src/haptic_feedback_controller.c ****  * @return HAL_StatusTypeDef Status of the I2C operation.
 165:Core/Src/haptic_feedback_controller.c ****  */
 166:Core/Src/haptic_feedback_controller.c **** HAL_StatusTypeDef haptic_feedback_set_actuator_type(actuator_type_t actuator_type) {
 219              		.loc 1 166 84 is_stmt 1 view -0
 220              		.cfi_startproc
 221              		@ args = 0, pretend = 0, frame = 0
 222              		@ frame_needed = 0, uses_anonymous_args = 0
 223              		.loc 1 166 84 is_stmt 0 view .LVU35
 224 0000 10B5     		push	{r4, lr}
 225              	.LCFI4:
 226              		.cfi_def_cfa_offset 8
ARM GAS  /var/folders/bp/ytvqs5756l50d7lg2fzmjpcr0000gn/T//cc9bXJUW.s 			page 8


 227              		.cfi_offset 4, -8
 228              		.cfi_offset 14, -4
 167:Core/Src/haptic_feedback_controller.c ****     uint8_t mask = 0x80; // Bit 7
 229              		.loc 1 167 5 is_stmt 1 view .LVU36
 230              	.LVL16:
 168:Core/Src/haptic_feedback_controller.c ****     uint8_t value = (actuator_type == LRA) ? 0x80 : 0x00;
 231              		.loc 1 168 5 view .LVU37
 232              		.loc 1 168 13 is_stmt 0 view .LVU38
 233 0002 0128     		cmp	r0, #1
 234 0004 05D0     		beq	.L15
 235              		.loc 1 168 13 discriminator 2 view .LVU39
 236 0006 0022     		movs	r2, #0
 237              	.L13:
 238              	.LVL17:
 169:Core/Src/haptic_feedback_controller.c ****     return haptic_feedback_modify_register(DRV2605L_REG_FEEDBACK_CONTROL, mask, value);
 239              		.loc 1 169 5 is_stmt 1 view .LVU40
 240              		.loc 1 169 12 is_stmt 0 view .LVU41
 241 0008 8021     		movs	r1, #128
 242 000a 1A20     		movs	r0, #26
 243              	.LVL18:
 244              		.loc 1 169 12 view .LVU42
 245 000c FFF7FEFF 		bl	haptic_feedback_modify_register
 246              	.LVL19:
 170:Core/Src/haptic_feedback_controller.c **** }
 247              		.loc 1 170 1 view .LVU43
 248              		@ sp needed
 249 0010 10BD     		pop	{r4, pc}
 250              	.LVL20:
 251              	.L15:
 168:Core/Src/haptic_feedback_controller.c ****     uint8_t value = (actuator_type == LRA) ? 0x80 : 0x00;
 252              		.loc 1 168 13 discriminator 1 view .LVU44
 253 0012 8022     		movs	r2, #128
 254 0014 F8E7     		b	.L13
 255              		.cfi_endproc
 256              	.LFE46:
 258              		.section	.text.haptic_feedback_set_brake_factor,"ax",%progbits
 259              		.align	1
 260              		.global	haptic_feedback_set_brake_factor
 261              		.syntax unified
 262              		.code	16
 263              		.thumb_func
 265              	haptic_feedback_set_brake_factor:
 266              	.LVL21:
 267              	.LFB47:
 171:Core/Src/haptic_feedback_controller.c **** 
 172:Core/Src/haptic_feedback_controller.c **** /**
 173:Core/Src/haptic_feedback_controller.c ****  * @brief Sets the brake factor.
 174:Core/Src/haptic_feedback_controller.c ****  *
 175:Core/Src/haptic_feedback_controller.c ****  * @param brake_factor The brake factor value (should fit in 3 bits).
 176:Core/Src/haptic_feedback_controller.c ****  * @return HAL_StatusTypeDef Status of the I2C operation.
 177:Core/Src/haptic_feedback_controller.c ****  */
 178:Core/Src/haptic_feedback_controller.c **** HAL_StatusTypeDef haptic_feedback_set_brake_factor(uint8_t brake_factor) {
 268              		.loc 1 178 74 is_stmt 1 view -0
 269              		.cfi_startproc
 270              		@ args = 0, pretend = 0, frame = 0
 271              		@ frame_needed = 0, uses_anonymous_args = 0
 272              		.loc 1 178 74 is_stmt 0 view .LVU46
ARM GAS  /var/folders/bp/ytvqs5756l50d7lg2fzmjpcr0000gn/T//cc9bXJUW.s 			page 9


 273 0000 10B5     		push	{r4, lr}
 274              	.LCFI5:
 275              		.cfi_def_cfa_offset 8
 276              		.cfi_offset 4, -8
 277              		.cfi_offset 14, -4
 179:Core/Src/haptic_feedback_controller.c ****     uint8_t mask = 0x70; // Bits 4,5,6
 278              		.loc 1 179 5 is_stmt 1 view .LVU47
 279              	.LVL22:
 180:Core/Src/haptic_feedback_controller.c ****     uint8_t value = (brake_factor << 4) & mask;
 280              		.loc 1 180 5 view .LVU48
 281              		.loc 1 180 41 is_stmt 0 view .LVU49
 282 0002 0001     		lsls	r0, r0, #4
 283              	.LVL23:
 284              		.loc 1 180 13 view .LVU50
 285 0004 7022     		movs	r2, #112
 286 0006 0240     		ands	r2, r0
 287              	.LVL24:
 181:Core/Src/haptic_feedback_controller.c ****     return haptic_feedback_modify_register(DRV2605L_REG_FEEDBACK_CONTROL, mask, value);
 288              		.loc 1 181 5 is_stmt 1 view .LVU51
 289              		.loc 1 181 12 is_stmt 0 view .LVU52
 290 0008 7021     		movs	r1, #112
 291 000a 1A20     		movs	r0, #26
 292 000c FFF7FEFF 		bl	haptic_feedback_modify_register
 293              	.LVL25:
 182:Core/Src/haptic_feedback_controller.c **** }
 294              		.loc 1 182 1 view .LVU53
 295              		@ sp needed
 296 0010 10BD     		pop	{r4, pc}
 297              		.cfi_endproc
 298              	.LFE47:
 300              		.section	.text.haptic_feedback_set_loop_gain,"ax",%progbits
 301              		.align	1
 302              		.global	haptic_feedback_set_loop_gain
 303              		.syntax unified
 304              		.code	16
 305              		.thumb_func
 307              	haptic_feedback_set_loop_gain:
 308              	.LVL26:
 309              	.LFB48:
 183:Core/Src/haptic_feedback_controller.c **** 
 184:Core/Src/haptic_feedback_controller.c **** /**
 185:Core/Src/haptic_feedback_controller.c ****  * @brief Sets the loop gain.
 186:Core/Src/haptic_feedback_controller.c ****  *
 187:Core/Src/haptic_feedback_controller.c ****  * @param loop_gain The loop gain value (should fit in 2 bits).
 188:Core/Src/haptic_feedback_controller.c ****  * @return HAL_StatusTypeDef Status of the I2C operation.
 189:Core/Src/haptic_feedback_controller.c ****  */
 190:Core/Src/haptic_feedback_controller.c **** HAL_StatusTypeDef haptic_feedback_set_loop_gain(uint8_t loop_gain) {
 310              		.loc 1 190 68 is_stmt 1 view -0
 311              		.cfi_startproc
 312              		@ args = 0, pretend = 0, frame = 0
 313              		@ frame_needed = 0, uses_anonymous_args = 0
 314              		.loc 1 190 68 is_stmt 0 view .LVU55
 315 0000 10B5     		push	{r4, lr}
 316              	.LCFI6:
 317              		.cfi_def_cfa_offset 8
 318              		.cfi_offset 4, -8
 319              		.cfi_offset 14, -4
ARM GAS  /var/folders/bp/ytvqs5756l50d7lg2fzmjpcr0000gn/T//cc9bXJUW.s 			page 10


 191:Core/Src/haptic_feedback_controller.c ****     uint8_t mask = 0x0C; // Bits 2,3
 320              		.loc 1 191 5 is_stmt 1 view .LVU56
 321              	.LVL27:
 192:Core/Src/haptic_feedback_controller.c ****     uint8_t value = (loop_gain << 2) & mask;
 322              		.loc 1 192 5 view .LVU57
 323              		.loc 1 192 38 is_stmt 0 view .LVU58
 324 0002 8000     		lsls	r0, r0, #2
 325              	.LVL28:
 326              		.loc 1 192 13 view .LVU59
 327 0004 0C22     		movs	r2, #12
 328 0006 0240     		ands	r2, r0
 329              	.LVL29:
 193:Core/Src/haptic_feedback_controller.c ****     return haptic_feedback_modify_register(DRV2605L_REG_FEEDBACK_CONTROL, mask, value);
 330              		.loc 1 193 5 is_stmt 1 view .LVU60
 331              		.loc 1 193 12 is_stmt 0 view .LVU61
 332 0008 0C21     		movs	r1, #12
 333 000a 1A20     		movs	r0, #26
 334 000c FFF7FEFF 		bl	haptic_feedback_modify_register
 335              	.LVL30:
 194:Core/Src/haptic_feedback_controller.c **** }
 336              		.loc 1 194 1 view .LVU62
 337              		@ sp needed
 338 0010 10BD     		pop	{r4, pc}
 339              		.cfi_endproc
 340              	.LFE48:
 342              		.section	.text.haptic_feedback_set_rated_voltage,"ax",%progbits
 343              		.align	1
 344              		.global	haptic_feedback_set_rated_voltage
 345              		.syntax unified
 346              		.code	16
 347              		.thumb_func
 349              	haptic_feedback_set_rated_voltage:
 350              	.LVL31:
 351              	.LFB49:
 195:Core/Src/haptic_feedback_controller.c **** 
 196:Core/Src/haptic_feedback_controller.c **** /**
 197:Core/Src/haptic_feedback_controller.c ****  * @brief Sets the rated voltage.
 198:Core/Src/haptic_feedback_controller.c ****  *
 199:Core/Src/haptic_feedback_controller.c ****  * @param rated_voltage_tenths Rated voltage
 200:Core/Src/haptic_feedback_controller.c ****  * @return HAL_StatusTypeDef Status of the I2C operation.
 201:Core/Src/haptic_feedback_controller.c ****  */
 202:Core/Src/haptic_feedback_controller.c **** HAL_StatusTypeDef haptic_feedback_set_rated_voltage(uint8_t rated_voltage) {
 352              		.loc 1 202 76 is_stmt 1 view -0
 353              		.cfi_startproc
 354              		@ args = 0, pretend = 0, frame = 8
 355              		@ frame_needed = 0, uses_anonymous_args = 0
 356              		.loc 1 202 76 is_stmt 0 view .LVU64
 357 0000 00B5     		push	{lr}
 358              	.LCFI7:
 359              		.cfi_def_cfa_offset 4
 360              		.cfi_offset 14, -4
 361 0002 85B0     		sub	sp, sp, #20
 362              	.LCFI8:
 363              		.cfi_def_cfa_offset 24
 203:Core/Src/haptic_feedback_controller.c ****     uint8_t data[2] = {DRV2605L_REG_RATED_VOLTAGE, rated_voltage};
 364              		.loc 1 203 5 is_stmt 1 view .LVU65
 365              		.loc 1 203 13 is_stmt 0 view .LVU66
ARM GAS  /var/folders/bp/ytvqs5756l50d7lg2fzmjpcr0000gn/T//cc9bXJUW.s 			page 11


 366 0004 03AA     		add	r2, sp, #12
 367 0006 1623     		movs	r3, #22
 368 0008 1370     		strb	r3, [r2]
 369 000a 5070     		strb	r0, [r2, #1]
 204:Core/Src/haptic_feedback_controller.c ****     return HAL_I2C_Master_Transmit(&hi2c1, DRV2605L_I2C_ADDR, data, 2, HAL_MAX_DELAY);
 370              		.loc 1 204 5 is_stmt 1 view .LVU67
 371              		.loc 1 204 12 is_stmt 0 view .LVU68
 372 000c 0448     		ldr	r0, .L19
 373              	.LVL32:
 374              		.loc 1 204 12 view .LVU69
 375 000e 173B     		subs	r3, r3, #23
 376 0010 0093     		str	r3, [sp]
 377 0012 0333     		adds	r3, r3, #3
 378 0014 B421     		movs	r1, #180
 379 0016 FFF7FEFF 		bl	HAL_I2C_Master_Transmit
 380              	.LVL33:
 205:Core/Src/haptic_feedback_controller.c **** }
 381              		.loc 1 205 1 view .LVU70
 382 001a 05B0     		add	sp, sp, #20
 383              		@ sp needed
 384 001c 00BD     		pop	{pc}
 385              	.L20:
 386 001e C046     		.align	2
 387              	.L19:
 388 0020 00000000 		.word	hi2c1
 389              		.cfi_endproc
 390              	.LFE49:
 392              		.section	.text.haptic_feedback_set_od_clamp,"ax",%progbits
 393              		.align	1
 394              		.global	haptic_feedback_set_od_clamp
 395              		.syntax unified
 396              		.code	16
 397              		.thumb_func
 399              	haptic_feedback_set_od_clamp:
 400              	.LVL34:
 401              	.LFB50:
 206:Core/Src/haptic_feedback_controller.c **** 
 207:Core/Src/haptic_feedback_controller.c **** /**
 208:Core/Src/haptic_feedback_controller.c ****  * @brief Sets the overdrive clamp (OD_CLAMP) value.
 209:Core/Src/haptic_feedback_controller.c ****  *
 210:Core/Src/haptic_feedback_controller.c ****  * @param od_clamp The OD_CLAMP value.
 211:Core/Src/haptic_feedback_controller.c ****  * @return HAL_StatusTypeDef Status of the I2C operation.
 212:Core/Src/haptic_feedback_controller.c ****  */
 213:Core/Src/haptic_feedback_controller.c **** HAL_StatusTypeDef haptic_feedback_set_od_clamp(uint8_t od_clamp) {
 402              		.loc 1 213 66 is_stmt 1 view -0
 403              		.cfi_startproc
 404              		@ args = 0, pretend = 0, frame = 8
 405              		@ frame_needed = 0, uses_anonymous_args = 0
 406              		.loc 1 213 66 is_stmt 0 view .LVU72
 407 0000 00B5     		push	{lr}
 408              	.LCFI9:
 409              		.cfi_def_cfa_offset 4
 410              		.cfi_offset 14, -4
 411 0002 85B0     		sub	sp, sp, #20
 412              	.LCFI10:
 413              		.cfi_def_cfa_offset 24
 214:Core/Src/haptic_feedback_controller.c ****     uint8_t data[2] = {DRV2605L_REG_OD_CLAMP, od_clamp};
ARM GAS  /var/folders/bp/ytvqs5756l50d7lg2fzmjpcr0000gn/T//cc9bXJUW.s 			page 12


 414              		.loc 1 214 5 is_stmt 1 view .LVU73
 415              		.loc 1 214 13 is_stmt 0 view .LVU74
 416 0004 03AA     		add	r2, sp, #12
 417 0006 1723     		movs	r3, #23
 418 0008 1370     		strb	r3, [r2]
 419 000a 5070     		strb	r0, [r2, #1]
 215:Core/Src/haptic_feedback_controller.c ****     return HAL_I2C_Master_Transmit(&hi2c1, DRV2605L_I2C_ADDR, data, 2, HAL_MAX_DELAY);
 420              		.loc 1 215 5 is_stmt 1 view .LVU75
 421              		.loc 1 215 12 is_stmt 0 view .LVU76
 422 000c 0448     		ldr	r0, .L22
 423              	.LVL35:
 424              		.loc 1 215 12 view .LVU77
 425 000e 183B     		subs	r3, r3, #24
 426 0010 0093     		str	r3, [sp]
 427 0012 0333     		adds	r3, r3, #3
 428 0014 B421     		movs	r1, #180
 429 0016 FFF7FEFF 		bl	HAL_I2C_Master_Transmit
 430              	.LVL36:
 216:Core/Src/haptic_feedback_controller.c **** }
 431              		.loc 1 216 1 view .LVU78
 432 001a 05B0     		add	sp, sp, #20
 433              		@ sp needed
 434 001c 00BD     		pop	{pc}
 435              	.L23:
 436 001e C046     		.align	2
 437              	.L22:
 438 0020 00000000 		.word	hi2c1
 439              		.cfi_endproc
 440              	.LFE50:
 442              		.section	.text.haptic_feedback_set_auto_calibration_time,"ax",%progbits
 443              		.align	1
 444              		.global	haptic_feedback_set_auto_calibration_time
 445              		.syntax unified
 446              		.code	16
 447              		.thumb_func
 449              	haptic_feedback_set_auto_calibration_time:
 450              	.LVL37:
 451              	.LFB51:
 217:Core/Src/haptic_feedback_controller.c **** 
 218:Core/Src/haptic_feedback_controller.c **** /**
 219:Core/Src/haptic_feedback_controller.c ****  * @brief Sets the auto calibration time.
 220:Core/Src/haptic_feedback_controller.c ****  *
 221:Core/Src/haptic_feedback_controller.c ****  * @param auto_calibration_time The auto calibration time value (should fit in 2 bits).
 222:Core/Src/haptic_feedback_controller.c ****  * @return HAL_StatusTypeDef Status of the I2C operation.
 223:Core/Src/haptic_feedback_controller.c ****  */
 224:Core/Src/haptic_feedback_controller.c **** HAL_StatusTypeDef haptic_feedback_set_auto_calibration_time(uint8_t auto_calibration_time) {
 452              		.loc 1 224 92 is_stmt 1 view -0
 453              		.cfi_startproc
 454              		@ args = 0, pretend = 0, frame = 0
 455              		@ frame_needed = 0, uses_anonymous_args = 0
 456              		.loc 1 224 92 is_stmt 0 view .LVU80
 457 0000 10B5     		push	{r4, lr}
 458              	.LCFI11:
 459              		.cfi_def_cfa_offset 8
 460              		.cfi_offset 4, -8
 461              		.cfi_offset 14, -4
 225:Core/Src/haptic_feedback_controller.c ****     uint8_t mask = 0x30; // Bits 4,5 in CONTROL4
ARM GAS  /var/folders/bp/ytvqs5756l50d7lg2fzmjpcr0000gn/T//cc9bXJUW.s 			page 13


 462              		.loc 1 225 5 is_stmt 1 view .LVU81
 463              	.LVL38:
 226:Core/Src/haptic_feedback_controller.c ****     uint8_t value = (auto_calibration_time << 4) & mask;
 464              		.loc 1 226 5 view .LVU82
 465              		.loc 1 226 50 is_stmt 0 view .LVU83
 466 0002 0001     		lsls	r0, r0, #4
 467              	.LVL39:
 468              		.loc 1 226 13 view .LVU84
 469 0004 3022     		movs	r2, #48
 470 0006 0240     		ands	r2, r0
 471              	.LVL40:
 227:Core/Src/haptic_feedback_controller.c ****     return haptic_feedback_modify_register(DRV2605L_REG_CONTROL4, mask, value);
 472              		.loc 1 227 5 is_stmt 1 view .LVU85
 473              		.loc 1 227 12 is_stmt 0 view .LVU86
 474 0008 3021     		movs	r1, #48
 475 000a 1E20     		movs	r0, #30
 476 000c FFF7FEFF 		bl	haptic_feedback_modify_register
 477              	.LVL41:
 228:Core/Src/haptic_feedback_controller.c **** }
 478              		.loc 1 228 1 view .LVU87
 479              		@ sp needed
 480 0010 10BD     		pop	{r4, pc}
 481              		.cfi_endproc
 482              	.LFE51:
 484              		.section	.text.haptic_feedback_set_drive_time,"ax",%progbits
 485              		.align	1
 486              		.global	haptic_feedback_set_drive_time
 487              		.syntax unified
 488              		.code	16
 489              		.thumb_func
 491              	haptic_feedback_set_drive_time:
 492              	.LVL42:
 493              	.LFB52:
 229:Core/Src/haptic_feedback_controller.c **** 
 230:Core/Src/haptic_feedback_controller.c **** /**
 231:Core/Src/haptic_feedback_controller.c ****  * @brief Sets the drive time.
 232:Core/Src/haptic_feedback_controller.c ****  *
 233:Core/Src/haptic_feedback_controller.c ****  * @param drive_time The drive time value (should fit in 5 bits).
 234:Core/Src/haptic_feedback_controller.c ****  * @return HAL_StatusTypeDef Status of the I2C operation.
 235:Core/Src/haptic_feedback_controller.c ****  */
 236:Core/Src/haptic_feedback_controller.c **** HAL_StatusTypeDef haptic_feedback_set_drive_time(uint8_t drive_time) {
 494              		.loc 1 236 70 is_stmt 1 view -0
 495              		.cfi_startproc
 496              		@ args = 0, pretend = 0, frame = 0
 497              		@ frame_needed = 0, uses_anonymous_args = 0
 498              		.loc 1 236 70 is_stmt 0 view .LVU89
 499 0000 10B5     		push	{r4, lr}
 500              	.LCFI12:
 501              		.cfi_def_cfa_offset 8
 502              		.cfi_offset 4, -8
 503              		.cfi_offset 14, -4
 237:Core/Src/haptic_feedback_controller.c ****     uint8_t mask = 0x1F; // Bits 0-4 in CONTROL1
 504              		.loc 1 237 5 is_stmt 1 view .LVU90
 505              	.LVL43:
 238:Core/Src/haptic_feedback_controller.c ****     uint8_t value = drive_time & mask;
 506              		.loc 1 238 5 view .LVU91
 507              		.loc 1 238 13 is_stmt 0 view .LVU92
ARM GAS  /var/folders/bp/ytvqs5756l50d7lg2fzmjpcr0000gn/T//cc9bXJUW.s 			page 14


 508 0002 1F22     		movs	r2, #31
 509 0004 0240     		ands	r2, r0
 510              	.LVL44:
 239:Core/Src/haptic_feedback_controller.c ****     return haptic_feedback_modify_register(DRV2605L_REG_CONTROL1, mask, value);
 511              		.loc 1 239 5 is_stmt 1 view .LVU93
 512              		.loc 1 239 12 is_stmt 0 view .LVU94
 513 0006 1F21     		movs	r1, #31
 514 0008 1B20     		movs	r0, #27
 515              	.LVL45:
 516              		.loc 1 239 12 view .LVU95
 517 000a FFF7FEFF 		bl	haptic_feedback_modify_register
 518              	.LVL46:
 240:Core/Src/haptic_feedback_controller.c **** }
 519              		.loc 1 240 1 view .LVU96
 520              		@ sp needed
 521 000e 10BD     		pop	{r4, pc}
 522              		.cfi_endproc
 523              	.LFE52:
 525              		.section	.text.haptic_feedback_set_sample_time,"ax",%progbits
 526              		.align	1
 527              		.global	haptic_feedback_set_sample_time
 528              		.syntax unified
 529              		.code	16
 530              		.thumb_func
 532              	haptic_feedback_set_sample_time:
 533              	.LVL47:
 534              	.LFB53:
 241:Core/Src/haptic_feedback_controller.c **** 
 242:Core/Src/haptic_feedback_controller.c **** /**
 243:Core/Src/haptic_feedback_controller.c ****  * @brief Sets the sample time.
 244:Core/Src/haptic_feedback_controller.c ****  *
 245:Core/Src/haptic_feedback_controller.c ****  * @param sample_time The sample time value (should fit in 2 bits).
 246:Core/Src/haptic_feedback_controller.c ****  * @return HAL_StatusTypeDef Status of the I2C operation.
 247:Core/Src/haptic_feedback_controller.c ****  */
 248:Core/Src/haptic_feedback_controller.c **** HAL_StatusTypeDef haptic_feedback_set_sample_time(uint8_t sample_time) {
 535              		.loc 1 248 72 is_stmt 1 view -0
 536              		.cfi_startproc
 537              		@ args = 0, pretend = 0, frame = 0
 538              		@ frame_needed = 0, uses_anonymous_args = 0
 539              		.loc 1 248 72 is_stmt 0 view .LVU98
 540 0000 10B5     		push	{r4, lr}
 541              	.LCFI13:
 542              		.cfi_def_cfa_offset 8
 543              		.cfi_offset 4, -8
 544              		.cfi_offset 14, -4
 249:Core/Src/haptic_feedback_controller.c ****     uint8_t mask = 0x30; // Bits 4,5 in CONTROL2
 545              		.loc 1 249 5 is_stmt 1 view .LVU99
 546              	.LVL48:
 250:Core/Src/haptic_feedback_controller.c ****     uint8_t value = (sample_time << 4) & mask;
 547              		.loc 1 250 5 view .LVU100
 548              		.loc 1 250 40 is_stmt 0 view .LVU101
 549 0002 0001     		lsls	r0, r0, #4
 550              	.LVL49:
 551              		.loc 1 250 13 view .LVU102
 552 0004 3022     		movs	r2, #48
 553 0006 0240     		ands	r2, r0
 554              	.LVL50:
ARM GAS  /var/folders/bp/ytvqs5756l50d7lg2fzmjpcr0000gn/T//cc9bXJUW.s 			page 15


 251:Core/Src/haptic_feedback_controller.c ****     return haptic_feedback_modify_register(DRV2605L_REG_CONTROL2, mask, value);
 555              		.loc 1 251 5 is_stmt 1 view .LVU103
 556              		.loc 1 251 12 is_stmt 0 view .LVU104
 557 0008 3021     		movs	r1, #48
 558 000a 1C20     		movs	r0, #28
 559 000c FFF7FEFF 		bl	haptic_feedback_modify_register
 560              	.LVL51:
 252:Core/Src/haptic_feedback_controller.c **** }
 561              		.loc 1 252 1 view .LVU105
 562              		@ sp needed
 563 0010 10BD     		pop	{r4, pc}
 564              		.cfi_endproc
 565              	.LFE53:
 567              		.section	.text.haptic_feedback_set_blanking_time,"ax",%progbits
 568              		.align	1
 569              		.global	haptic_feedback_set_blanking_time
 570              		.syntax unified
 571              		.code	16
 572              		.thumb_func
 574              	haptic_feedback_set_blanking_time:
 575              	.LVL52:
 576              	.LFB54:
 253:Core/Src/haptic_feedback_controller.c **** 
 254:Core/Src/haptic_feedback_controller.c **** /**
 255:Core/Src/haptic_feedback_controller.c ****  * @brief Sets the blanking time.
 256:Core/Src/haptic_feedback_controller.c ****  *
 257:Core/Src/haptic_feedback_controller.c ****  * @param blanking_time The blanking time value (0-15).
 258:Core/Src/haptic_feedback_controller.c ****  * @return HAL_StatusTypeDef Status of the I2C operation.
 259:Core/Src/haptic_feedback_controller.c ****  */
 260:Core/Src/haptic_feedback_controller.c **** HAL_StatusTypeDef haptic_feedback_set_blanking_time(uint8_t blanking_time) {
 577              		.loc 1 260 76 is_stmt 1 view -0
 578              		.cfi_startproc
 579              		@ args = 0, pretend = 0, frame = 0
 580              		@ frame_needed = 0, uses_anonymous_args = 0
 581              		.loc 1 260 76 is_stmt 0 view .LVU107
 582 0000 10B5     		push	{r4, lr}
 583              	.LCFI14:
 584              		.cfi_def_cfa_offset 8
 585              		.cfi_offset 4, -8
 586              		.cfi_offset 14, -4
 587 0002 0400     		movs	r4, r0
 261:Core/Src/haptic_feedback_controller.c ****     if (blanking_time > 15) {
 588              		.loc 1 261 5 is_stmt 1 view .LVU108
 589              		.loc 1 261 8 is_stmt 0 view .LVU109
 590 0004 0F28     		cmp	r0, #15
 591 0006 01D9     		bls	.L30
 262:Core/Src/haptic_feedback_controller.c ****         return HAL_ERROR;
 592              		.loc 1 262 16 view .LVU110
 593 0008 0120     		movs	r0, #1
 594              	.LVL53:
 595              	.L28:
 263:Core/Src/haptic_feedback_controller.c ****     }
 264:Core/Src/haptic_feedback_controller.c **** 
 265:Core/Src/haptic_feedback_controller.c ****     HAL_StatusTypeDef status;
 266:Core/Src/haptic_feedback_controller.c **** 
 267:Core/Src/haptic_feedback_controller.c ****     // Set lower 2 bits in CONTROL2 (bits 2,3)
 268:Core/Src/haptic_feedback_controller.c ****     status = haptic_feedback_modify_register(DRV2605L_REG_CONTROL2, 0x0C, (blanking_time & 0x03) <<
ARM GAS  /var/folders/bp/ytvqs5756l50d7lg2fzmjpcr0000gn/T//cc9bXJUW.s 			page 16


 269:Core/Src/haptic_feedback_controller.c ****     if (status != HAL_OK) {
 270:Core/Src/haptic_feedback_controller.c ****         return status;
 271:Core/Src/haptic_feedback_controller.c ****     }
 272:Core/Src/haptic_feedback_controller.c **** 
 273:Core/Src/haptic_feedback_controller.c ****     // Set upper 2 bits in CONTROL5 (bits 2,3)
 274:Core/Src/haptic_feedback_controller.c ****     status = haptic_feedback_modify_register(DRV2605L_REG_CONTROL5, 0x0C, ((blanking_time & 0x0C) >
 275:Core/Src/haptic_feedback_controller.c ****     return status;
 276:Core/Src/haptic_feedback_controller.c **** }
 596              		.loc 1 276 1 view .LVU111
 597              		@ sp needed
 598              	.LVL54:
 599              		.loc 1 276 1 view .LVU112
 600 000a 10BD     		pop	{r4, pc}
 601              	.LVL55:
 602              	.L30:
 265:Core/Src/haptic_feedback_controller.c **** 
 603              		.loc 1 265 5 is_stmt 1 view .LVU113
 268:Core/Src/haptic_feedback_controller.c ****     if (status != HAL_OK) {
 604              		.loc 1 268 5 view .LVU114
 268:Core/Src/haptic_feedback_controller.c ****     if (status != HAL_OK) {
 605              		.loc 1 268 98 is_stmt 0 view .LVU115
 606 000c 8300     		lsls	r3, r0, #2
 268:Core/Src/haptic_feedback_controller.c ****     if (status != HAL_OK) {
 607              		.loc 1 268 14 view .LVU116
 608 000e 0C21     		movs	r1, #12
 609 0010 1A00     		movs	r2, r3
 610 0012 0A40     		ands	r2, r1
 611 0014 1C20     		movs	r0, #28
 612              	.LVL56:
 268:Core/Src/haptic_feedback_controller.c ****     if (status != HAL_OK) {
 613              		.loc 1 268 14 view .LVU117
 614 0016 FFF7FEFF 		bl	haptic_feedback_modify_register
 615              	.LVL57:
 269:Core/Src/haptic_feedback_controller.c ****         return status;
 616              		.loc 1 269 5 is_stmt 1 view .LVU118
 269:Core/Src/haptic_feedback_controller.c ****         return status;
 617              		.loc 1 269 8 is_stmt 0 view .LVU119
 618 001a 0028     		cmp	r0, #0
 619 001c F5D1     		bne	.L28
 274:Core/Src/haptic_feedback_controller.c ****     return status;
 620              		.loc 1 274 5 is_stmt 1 view .LVU120
 274:Core/Src/haptic_feedback_controller.c ****     return status;
 621              		.loc 1 274 14 is_stmt 0 view .LVU121
 622 001e 0C22     		movs	r2, #12
 623 0020 2240     		ands	r2, r4
 624 0022 0C21     		movs	r1, #12
 625 0024 1F30     		adds	r0, r0, #31
 626              	.LVL58:
 274:Core/Src/haptic_feedback_controller.c ****     return status;
 627              		.loc 1 274 14 view .LVU122
 628 0026 FFF7FEFF 		bl	haptic_feedback_modify_register
 629              	.LVL59:
 275:Core/Src/haptic_feedback_controller.c **** }
 630              		.loc 1 275 5 is_stmt 1 view .LVU123
 275:Core/Src/haptic_feedback_controller.c **** }
 631              		.loc 1 275 12 is_stmt 0 view .LVU124
 632 002a EEE7     		b	.L28
ARM GAS  /var/folders/bp/ytvqs5756l50d7lg2fzmjpcr0000gn/T//cc9bXJUW.s 			page 17


 633              		.cfi_endproc
 634              	.LFE54:
 636              		.section	.text.haptic_feedback_set_idiss_time,"ax",%progbits
 637              		.align	1
 638              		.global	haptic_feedback_set_idiss_time
 639              		.syntax unified
 640              		.code	16
 641              		.thumb_func
 643              	haptic_feedback_set_idiss_time:
 644              	.LVL60:
 645              	.LFB55:
 277:Core/Src/haptic_feedback_controller.c **** 
 278:Core/Src/haptic_feedback_controller.c **** /**
 279:Core/Src/haptic_feedback_controller.c ****  * @brief Sets the IDISS time.
 280:Core/Src/haptic_feedback_controller.c ****  *
 281:Core/Src/haptic_feedback_controller.c ****  * @param idiss_time The IDISS time value (0-15).
 282:Core/Src/haptic_feedback_controller.c ****  * @return HAL_StatusTypeDef Status of the I2C operation.
 283:Core/Src/haptic_feedback_controller.c ****  */
 284:Core/Src/haptic_feedback_controller.c **** HAL_StatusTypeDef haptic_feedback_set_idiss_time(uint8_t idiss_time) {
 646              		.loc 1 284 70 is_stmt 1 view -0
 647              		.cfi_startproc
 648              		@ args = 0, pretend = 0, frame = 0
 649              		@ frame_needed = 0, uses_anonymous_args = 0
 650              		.loc 1 284 70 is_stmt 0 view .LVU126
 651 0000 10B5     		push	{r4, lr}
 652              	.LCFI15:
 653              		.cfi_def_cfa_offset 8
 654              		.cfi_offset 4, -8
 655              		.cfi_offset 14, -4
 656 0002 0400     		movs	r4, r0
 285:Core/Src/haptic_feedback_controller.c ****     if (idiss_time > 15) {
 657              		.loc 1 285 5 is_stmt 1 view .LVU127
 658              		.loc 1 285 8 is_stmt 0 view .LVU128
 659 0004 0F28     		cmp	r0, #15
 660 0006 01D9     		bls	.L34
 286:Core/Src/haptic_feedback_controller.c ****         return HAL_ERROR;
 661              		.loc 1 286 16 view .LVU129
 662 0008 0120     		movs	r0, #1
 663              	.LVL61:
 664              	.L32:
 287:Core/Src/haptic_feedback_controller.c ****     }
 288:Core/Src/haptic_feedback_controller.c **** 
 289:Core/Src/haptic_feedback_controller.c ****     HAL_StatusTypeDef status;
 290:Core/Src/haptic_feedback_controller.c **** 
 291:Core/Src/haptic_feedback_controller.c ****     // Set lower 2 bits in CONTROL2 (bits 0,1)
 292:Core/Src/haptic_feedback_controller.c ****     status = haptic_feedback_modify_register(DRV2605L_REG_CONTROL2, 0x03, idiss_time & 0x03);
 293:Core/Src/haptic_feedback_controller.c ****     if (status != HAL_OK) {
 294:Core/Src/haptic_feedback_controller.c ****         return status;
 295:Core/Src/haptic_feedback_controller.c ****     }
 296:Core/Src/haptic_feedback_controller.c **** 
 297:Core/Src/haptic_feedback_controller.c ****     // Set upper 2 bits in CONTROL5 (bits 0,1)
 298:Core/Src/haptic_feedback_controller.c ****     status = haptic_feedback_modify_register(DRV2605L_REG_CONTROL5, 0x03, ((idiss_time & 0x0C) >> 2
 299:Core/Src/haptic_feedback_controller.c ****     return status;
 300:Core/Src/haptic_feedback_controller.c **** }
 665              		.loc 1 300 1 view .LVU130
 666              		@ sp needed
 667 000a 10BD     		pop	{r4, pc}
ARM GAS  /var/folders/bp/ytvqs5756l50d7lg2fzmjpcr0000gn/T//cc9bXJUW.s 			page 18


 668              	.LVL62:
 669              	.L34:
 289:Core/Src/haptic_feedback_controller.c **** 
 670              		.loc 1 289 5 is_stmt 1 view .LVU131
 292:Core/Src/haptic_feedback_controller.c ****     if (status != HAL_OK) {
 671              		.loc 1 292 5 view .LVU132
 292:Core/Src/haptic_feedback_controller.c ****     if (status != HAL_OK) {
 672              		.loc 1 292 14 is_stmt 0 view .LVU133
 673 000c 0322     		movs	r2, #3
 674 000e 0240     		ands	r2, r0
 675 0010 0321     		movs	r1, #3
 676 0012 1C20     		movs	r0, #28
 677              	.LVL63:
 292:Core/Src/haptic_feedback_controller.c ****     if (status != HAL_OK) {
 678              		.loc 1 292 14 view .LVU134
 679 0014 FFF7FEFF 		bl	haptic_feedback_modify_register
 680              	.LVL64:
 293:Core/Src/haptic_feedback_controller.c ****         return status;
 681              		.loc 1 293 5 is_stmt 1 view .LVU135
 293:Core/Src/haptic_feedback_controller.c ****         return status;
 682              		.loc 1 293 8 is_stmt 0 view .LVU136
 683 0018 0028     		cmp	r0, #0
 684 001a F6D1     		bne	.L32
 298:Core/Src/haptic_feedback_controller.c ****     return status;
 685              		.loc 1 298 5 is_stmt 1 view .LVU137
 298:Core/Src/haptic_feedback_controller.c ****     return status;
 686              		.loc 1 298 96 is_stmt 0 view .LVU138
 687 001c A408     		lsrs	r4, r4, #2
 688              	.LVL65:
 298:Core/Src/haptic_feedback_controller.c ****     return status;
 689              		.loc 1 298 14 view .LVU139
 690 001e 0322     		movs	r2, #3
 691 0020 2240     		ands	r2, r4
 692 0022 0321     		movs	r1, #3
 693 0024 1F30     		adds	r0, r0, #31
 694              	.LVL66:
 298:Core/Src/haptic_feedback_controller.c ****     return status;
 695              		.loc 1 298 14 view .LVU140
 696 0026 FFF7FEFF 		bl	haptic_feedback_modify_register
 697              	.LVL67:
 299:Core/Src/haptic_feedback_controller.c **** }
 698              		.loc 1 299 5 is_stmt 1 view .LVU141
 299:Core/Src/haptic_feedback_controller.c **** }
 699              		.loc 1 299 12 is_stmt 0 view .LVU142
 700 002a EEE7     		b	.L32
 701              		.cfi_endproc
 702              	.LFE55:
 704              		.section	.text.haptic_feedback_set_zc_det_time,"ax",%progbits
 705              		.align	1
 706              		.global	haptic_feedback_set_zc_det_time
 707              		.syntax unified
 708              		.code	16
 709              		.thumb_func
 711              	haptic_feedback_set_zc_det_time:
 712              	.LVL68:
 713              	.LFB56:
 301:Core/Src/haptic_feedback_controller.c **** 
ARM GAS  /var/folders/bp/ytvqs5756l50d7lg2fzmjpcr0000gn/T//cc9bXJUW.s 			page 19


 302:Core/Src/haptic_feedback_controller.c **** /**
 303:Core/Src/haptic_feedback_controller.c ****  * @brief Sets the zero-cross detection time.
 304:Core/Src/haptic_feedback_controller.c ****  *
 305:Core/Src/haptic_feedback_controller.c ****  * @param zc_det_time The zero-cross detection time value (should fit in 2 bits).
 306:Core/Src/haptic_feedback_controller.c ****  * @return HAL_StatusTypeDef Status of the I2C operation.
 307:Core/Src/haptic_feedback_controller.c ****  */
 308:Core/Src/haptic_feedback_controller.c **** HAL_StatusTypeDef haptic_feedback_set_zc_det_time(uint8_t zc_det_time) {
 714              		.loc 1 308 72 is_stmt 1 view -0
 715              		.cfi_startproc
 716              		@ args = 0, pretend = 0, frame = 0
 717              		@ frame_needed = 0, uses_anonymous_args = 0
 718              		.loc 1 308 72 is_stmt 0 view .LVU144
 719 0000 10B5     		push	{r4, lr}
 720              	.LCFI16:
 721              		.cfi_def_cfa_offset 8
 722              		.cfi_offset 4, -8
 723              		.cfi_offset 14, -4
 309:Core/Src/haptic_feedback_controller.c ****     uint8_t mask = 0xC0; // Bits 6,7 in CONTROL4
 724              		.loc 1 309 5 is_stmt 1 view .LVU145
 725              	.LVL69:
 310:Core/Src/haptic_feedback_controller.c ****     uint8_t value = (zc_det_time << 6) & mask;
 726              		.loc 1 310 5 view .LVU146
 727              		.loc 1 310 13 is_stmt 0 view .LVU147
 728 0002 8201     		lsls	r2, r0, #6
 729 0004 D2B2     		uxtb	r2, r2
 730              	.LVL70:
 311:Core/Src/haptic_feedback_controller.c ****     return haptic_feedback_modify_register(DRV2605L_REG_CONTROL4, mask, value);
 731              		.loc 1 311 5 is_stmt 1 view .LVU148
 732              		.loc 1 311 12 is_stmt 0 view .LVU149
 733 0006 C021     		movs	r1, #192
 734 0008 1E20     		movs	r0, #30
 735              	.LVL71:
 736              		.loc 1 311 12 view .LVU150
 737 000a FFF7FEFF 		bl	haptic_feedback_modify_register
 738              	.LVL72:
 312:Core/Src/haptic_feedback_controller.c **** }
 739              		.loc 1 312 1 view .LVU151
 740              		@ sp needed
 741 000e 10BD     		pop	{r4, pc}
 742              		.cfi_endproc
 743              	.LFE56:
 745              		.section	.text.haptic_feedback_set_open_loop,"ax",%progbits
 746              		.align	1
 747              		.global	haptic_feedback_set_open_loop
 748              		.syntax unified
 749              		.code	16
 750              		.thumb_func
 752              	haptic_feedback_set_open_loop:
 753              	.LVL73:
 754              	.LFB57:
 313:Core/Src/haptic_feedback_controller.c **** 
 314:Core/Src/haptic_feedback_controller.c **** /**
 315:Core/Src/haptic_feedback_controller.c ****  * @brief Sets the open-loop mode.
 316:Core/Src/haptic_feedback_controller.c ****  *
 317:Core/Src/haptic_feedback_controller.c ****  * @param open_loop Whether to enable open-loop mode.
 318:Core/Src/haptic_feedback_controller.c ****  * @return HAL_StatusTypeDef Status of the I2C operation.
 319:Core/Src/haptic_feedback_controller.c ****  */
ARM GAS  /var/folders/bp/ytvqs5756l50d7lg2fzmjpcr0000gn/T//cc9bXJUW.s 			page 20


 320:Core/Src/haptic_feedback_controller.c **** HAL_StatusTypeDef haptic_feedback_set_open_loop(bool open_loop) {
 755              		.loc 1 320 65 is_stmt 1 view -0
 756              		.cfi_startproc
 757              		@ args = 0, pretend = 0, frame = 0
 758              		@ frame_needed = 0, uses_anonymous_args = 0
 759              		.loc 1 320 65 is_stmt 0 view .LVU153
 760 0000 10B5     		push	{r4, lr}
 761              	.LCFI17:
 762              		.cfi_def_cfa_offset 8
 763              		.cfi_offset 4, -8
 764              		.cfi_offset 14, -4
 765 0002 0200     		movs	r2, r0
 321:Core/Src/haptic_feedback_controller.c ****     uint8_t mask = 0x01; // Bit 0 in CONTROL3
 766              		.loc 1 321 5 is_stmt 1 view .LVU154
 767              	.LVL74:
 322:Core/Src/haptic_feedback_controller.c ****     uint8_t value = open_loop ? 0x01 : 0x00;
 768              		.loc 1 322 5 view .LVU155
 323:Core/Src/haptic_feedback_controller.c ****     return haptic_feedback_modify_register(DRV2605L_REG_CONTROL3, mask, value);
 769              		.loc 1 323 5 view .LVU156
 770              		.loc 1 323 12 is_stmt 0 view .LVU157
 771 0004 0121     		movs	r1, #1
 772 0006 1D20     		movs	r0, #29
 773              	.LVL75:
 774              		.loc 1 323 12 view .LVU158
 775 0008 FFF7FEFF 		bl	haptic_feedback_modify_register
 776              	.LVL76:
 324:Core/Src/haptic_feedback_controller.c **** }
 777              		.loc 1 324 1 view .LVU159
 778              		@ sp needed
 779 000c 10BD     		pop	{r4, pc}
 780              		.cfi_endproc
 781              	.LFE57:
 783              		.section	.text.haptic_feedback_set_ol_lra_period,"ax",%progbits
 784              		.align	1
 785              		.global	haptic_feedback_set_ol_lra_period
 786              		.syntax unified
 787              		.code	16
 788              		.thumb_func
 790              	haptic_feedback_set_ol_lra_period:
 791              	.LVL77:
 792              	.LFB58:
 325:Core/Src/haptic_feedback_controller.c **** 
 326:Core/Src/haptic_feedback_controller.c **** /**
 327:Core/Src/haptic_feedback_controller.c ****  * @brief Sets the open-loop LRA period.
 328:Core/Src/haptic_feedback_controller.c ****  *
 329:Core/Src/haptic_feedback_controller.c ****  * @param frequency_hz The frequency in Hz to set the period for.
 330:Core/Src/haptic_feedback_controller.c ****  * @return HAL_StatusTypeDef Status of the I2C operation.
 331:Core/Src/haptic_feedback_controller.c ****  */
 332:Core/Src/haptic_feedback_controller.c **** HAL_StatusTypeDef haptic_feedback_set_ol_lra_period(uint8_t frequency_hz) {
 793              		.loc 1 332 75 is_stmt 1 view -0
 794              		.cfi_startproc
 795              		@ args = 0, pretend = 0, frame = 0
 796              		@ frame_needed = 0, uses_anonymous_args = 0
 797              		.loc 1 332 75 is_stmt 0 view .LVU161
 798 0000 10B5     		push	{r4, lr}
 799              	.LCFI18:
 800              		.cfi_def_cfa_offset 8
ARM GAS  /var/folders/bp/ytvqs5756l50d7lg2fzmjpcr0000gn/T//cc9bXJUW.s 			page 21


 801              		.cfi_offset 4, -8
 802              		.cfi_offset 14, -4
 333:Core/Src/haptic_feedback_controller.c ****     const double factor = 98.46e-6;
 803              		.loc 1 333 5 is_stmt 1 view .LVU162
 804              	.LVL78:
 334:Core/Src/haptic_feedback_controller.c **** 
 335:Core/Src/haptic_feedback_controller.c ****     // Calculate the period based on the frequency
 336:Core/Src/haptic_feedback_controller.c ****     unsigned int ol_lra_period = (unsigned int)(1.0 / (frequency_hz * factor));
 805              		.loc 1 336 5 view .LVU163
 806              		.loc 1 336 69 is_stmt 0 view .LVU164
 807 0002 FFF7FEFF 		bl	__aeabi_i2d
 808              	.LVL79:
 809              		.loc 1 336 69 view .LVU165
 810 0006 094A     		ldr	r2, .L38
 811 0008 094B     		ldr	r3, .L38+4
 812 000a FFF7FEFF 		bl	__aeabi_dmul
 813              	.LVL80:
 814 000e 0200     		movs	r2, r0
 815 0010 0B00     		movs	r3, r1
 816              		.loc 1 336 53 view .LVU166
 817 0012 0020     		movs	r0, #0
 818 0014 0749     		ldr	r1, .L38+8
 819 0016 FFF7FEFF 		bl	__aeabi_ddiv
 820              	.LVL81:
 821              		.loc 1 336 18 view .LVU167
 822 001a FFF7FEFF 		bl	__aeabi_d2uiz
 823              	.LVL82:
 337:Core/Src/haptic_feedback_controller.c **** 
 338:Core/Src/haptic_feedback_controller.c ****     uint8_t mask = 0x7F; // Bits 0-6 in OL_LRA_PERIOD
 824              		.loc 1 338 5 is_stmt 1 view .LVU168
 339:Core/Src/haptic_feedback_controller.c ****     uint8_t value = ol_lra_period & mask;
 825              		.loc 1 339 5 view .LVU169
 826              		.loc 1 339 13 is_stmt 0 view .LVU170
 827 001e 7F22     		movs	r2, #127
 828 0020 0240     		ands	r2, r0
 829              	.LVL83:
 340:Core/Src/haptic_feedback_controller.c ****     return haptic_feedback_modify_register(DRV2605L_REG_OPEN_LOOP_PERIOD, mask, value);
 830              		.loc 1 340 5 is_stmt 1 view .LVU171
 831              		.loc 1 340 12 is_stmt 0 view .LVU172
 832 0022 7F21     		movs	r1, #127
 833 0024 2020     		movs	r0, #32
 834              	.LVL84:
 835              		.loc 1 340 12 view .LVU173
 836 0026 FFF7FEFF 		bl	haptic_feedback_modify_register
 837              	.LVL85:
 341:Core/Src/haptic_feedback_controller.c **** }
 838              		.loc 1 341 1 view .LVU174
 839              		@ sp needed
 840 002a 10BD     		pop	{r4, pc}
 841              	.L39:
 842              		.align	2
 843              	.L38:
 844 002c 8AB97BEB 		.word	-344213110
 845 0030 89CF193F 		.word	1058656137
 846 0034 0000F03F 		.word	1072693248
 847              		.cfi_endproc
 848              	.LFE58:
ARM GAS  /var/folders/bp/ytvqs5756l50d7lg2fzmjpcr0000gn/T//cc9bXJUW.s 			page 22


 850              		.section	.text.haptic_feedback_set_mode,"ax",%progbits
 851              		.align	1
 852              		.global	haptic_feedback_set_mode
 853              		.syntax unified
 854              		.code	16
 855              		.thumb_func
 857              	haptic_feedback_set_mode:
 858              	.LVL86:
 859              	.LFB61:
 342:Core/Src/haptic_feedback_controller.c **** 
 343:Core/Src/haptic_feedback_controller.c **** /**
 344:Core/Src/haptic_feedback_controller.c ****  * @brief Retrieves the calibration diagnostic result.
 345:Core/Src/haptic_feedback_controller.c ****  *
 346:Core/Src/haptic_feedback_controller.c ****  * @param diagnostic_result Pointer to store the diagnostic result.
 347:Core/Src/haptic_feedback_controller.c ****  * @return HAL_StatusTypeDef Status of the I2C operations.
 348:Core/Src/haptic_feedback_controller.c ****  */
 349:Core/Src/haptic_feedback_controller.c **** HAL_StatusTypeDef haptic_feedback_get_calibration_diagnostic_result(uint8_t *diagnostic_result) {
 350:Core/Src/haptic_feedback_controller.c ****     haptic_feedback_set_mode(DRV2605L_MODE_DIAGNOSTICS);
 351:Core/Src/haptic_feedback_controller.c **** 
 352:Core/Src/haptic_feedback_controller.c ****     uint8_t reg_address = DRV2605L_REG_STATUS;
 353:Core/Src/haptic_feedback_controller.c ****     HAL_StatusTypeDef status;
 354:Core/Src/haptic_feedback_controller.c **** 
 355:Core/Src/haptic_feedback_controller.c ****     // Transmit the STATUS register address
 356:Core/Src/haptic_feedback_controller.c ****     status = HAL_I2C_Master_Transmit(&hi2c1, DRV2605L_I2C_ADDR, &reg_address, 1, HAL_MAX_DELAY);
 357:Core/Src/haptic_feedback_controller.c ****     if (status != HAL_OK) {
 358:Core/Src/haptic_feedback_controller.c ****         return status;
 359:Core/Src/haptic_feedback_controller.c ****     }
 360:Core/Src/haptic_feedback_controller.c **** 
 361:Core/Src/haptic_feedback_controller.c ****     // Receive the diagnostic result
 362:Core/Src/haptic_feedback_controller.c ****     status = HAL_I2C_Master_Receive(&hi2c1, DRV2605L_I2C_ADDR, diagnostic_result, 1, HAL_MAX_DELAY)
 363:Core/Src/haptic_feedback_controller.c ****     if (status != HAL_OK) {
 364:Core/Src/haptic_feedback_controller.c ****         return status;
 365:Core/Src/haptic_feedback_controller.c ****     }
 366:Core/Src/haptic_feedback_controller.c **** 
 367:Core/Src/haptic_feedback_controller.c ****     return HAL_OK;
 368:Core/Src/haptic_feedback_controller.c **** }
 369:Core/Src/haptic_feedback_controller.c **** 
 370:Core/Src/haptic_feedback_controller.c **** /**
 371:Core/Src/haptic_feedback_controller.c ****  * @brief Plays a specific waveform from the library.
 372:Core/Src/haptic_feedback_controller.c ****  *
 373:Core/Src/haptic_feedback_controller.c ****  * @param waveform The waveform index to play.
 374:Core/Src/haptic_feedback_controller.c ****  * @return HAL_StatusTypeDef Status of the I2C operation.
 375:Core/Src/haptic_feedback_controller.c ****  */
 376:Core/Src/haptic_feedback_controller.c **** HAL_StatusTypeDef haptic_feedback_play_waveform(uint8_t waveform) {
 377:Core/Src/haptic_feedback_controller.c ****     uint8_t data[2] = {DRV2605L_REG_WAVESEQ1, waveform};
 378:Core/Src/haptic_feedback_controller.c ****     HAL_StatusTypeDef status = HAL_I2C_Master_Transmit(&hi2c1, DRV2605L_I2C_ADDR, data, 2, HAL_MAX_
 379:Core/Src/haptic_feedback_controller.c ****     if (status != HAL_OK) {
 380:Core/Src/haptic_feedback_controller.c ****         return status;
 381:Core/Src/haptic_feedback_controller.c ****     }
 382:Core/Src/haptic_feedback_controller.c ****     haptic_feedback_start();
 383:Core/Src/haptic_feedback_controller.c ****     return HAL_OK;
 384:Core/Src/haptic_feedback_controller.c **** }
 385:Core/Src/haptic_feedback_controller.c **** 
 386:Core/Src/haptic_feedback_controller.c **** /**
 387:Core/Src/haptic_feedback_controller.c ****  * @brief Sets the operation mode of the haptic driver.
 388:Core/Src/haptic_feedback_controller.c ****  *
 389:Core/Src/haptic_feedback_controller.c ****  * @param mode The mode to set.
ARM GAS  /var/folders/bp/ytvqs5756l50d7lg2fzmjpcr0000gn/T//cc9bXJUW.s 			page 23


 390:Core/Src/haptic_feedback_controller.c ****  * @return HAL_StatusTypeDef Status of the I2C operation.
 391:Core/Src/haptic_feedback_controller.c ****  */
 392:Core/Src/haptic_feedback_controller.c **** HAL_StatusTypeDef haptic_feedback_set_mode(uint8_t mode) {
 860              		.loc 1 392 58 is_stmt 1 view -0
 861              		.cfi_startproc
 862              		@ args = 0, pretend = 0, frame = 8
 863              		@ frame_needed = 0, uses_anonymous_args = 0
 864              		.loc 1 392 58 is_stmt 0 view .LVU176
 865 0000 00B5     		push	{lr}
 866              	.LCFI19:
 867              		.cfi_def_cfa_offset 4
 868              		.cfi_offset 14, -4
 869 0002 85B0     		sub	sp, sp, #20
 870              	.LCFI20:
 871              		.cfi_def_cfa_offset 24
 393:Core/Src/haptic_feedback_controller.c ****     uint8_t data[2] = {DRV2605L_REG_MODE, mode};
 872              		.loc 1 393 5 is_stmt 1 view .LVU177
 873              		.loc 1 393 13 is_stmt 0 view .LVU178
 874 0004 03AA     		add	r2, sp, #12
 875 0006 0123     		movs	r3, #1
 876 0008 1370     		strb	r3, [r2]
 877 000a 5070     		strb	r0, [r2, #1]
 394:Core/Src/haptic_feedback_controller.c ****     return HAL_I2C_Master_Transmit(&hi2c1, DRV2605L_I2C_ADDR, data, 2, HAL_MAX_DELAY);
 878              		.loc 1 394 5 is_stmt 1 view .LVU179
 879              		.loc 1 394 12 is_stmt 0 view .LVU180
 880 000c 0448     		ldr	r0, .L41
 881              	.LVL87:
 882              		.loc 1 394 12 view .LVU181
 883 000e 023B     		subs	r3, r3, #2
 884 0010 0093     		str	r3, [sp]
 885 0012 0333     		adds	r3, r3, #3
 886 0014 B421     		movs	r1, #180
 887 0016 FFF7FEFF 		bl	HAL_I2C_Master_Transmit
 888              	.LVL88:
 395:Core/Src/haptic_feedback_controller.c **** }
 889              		.loc 1 395 1 view .LVU182
 890 001a 05B0     		add	sp, sp, #20
 891              		@ sp needed
 892 001c 00BD     		pop	{pc}
 893              	.L42:
 894 001e C046     		.align	2
 895              	.L41:
 896 0020 00000000 		.word	hi2c1
 897              		.cfi_endproc
 898              	.LFE61:
 900              		.section	.text.haptic_feedback_init_for_wideband_LRA,"ax",%progbits
 901              		.align	1
 902              		.global	haptic_feedback_init_for_wideband_LRA
 903              		.syntax unified
 904              		.code	16
 905              		.thumb_func
 907              	haptic_feedback_init_for_wideband_LRA:
 908              	.LFB43:
 104:Core/Src/haptic_feedback_controller.c ****     HAL_StatusTypeDef status = HAL_OK;
 909              		.loc 1 104 1 is_stmt 1 view -0
 910              		.cfi_startproc
 911              		@ args = 0, pretend = 0, frame = 0
ARM GAS  /var/folders/bp/ytvqs5756l50d7lg2fzmjpcr0000gn/T//cc9bXJUW.s 			page 24


 912              		@ frame_needed = 0, uses_anonymous_args = 0
 913 0000 10B5     		push	{r4, lr}
 914              	.LCFI21:
 915              		.cfi_def_cfa_offset 8
 916              		.cfi_offset 4, -8
 917              		.cfi_offset 14, -4
 105:Core/Src/haptic_feedback_controller.c **** 
 918              		.loc 1 105 5 view .LVU184
 919              	.LVL89:
 108:Core/Src/haptic_feedback_controller.c **** 
 920              		.loc 1 108 5 view .LVU185
 921              	.LBB6:
 922              	.LBI6:
 149:Core/Src/haptic_feedback_controller.c ****     HAL_GPIO_WritePin(HAPTIC_EN_PORT, HAPTIC_EN_PIN, GPIO_PIN_SET);
 923              		.loc 1 149 13 view .LVU186
 924              	.LBB7:
 150:Core/Src/haptic_feedback_controller.c **** }
 925              		.loc 1 150 5 view .LVU187
 926 0002 8021     		movs	r1, #128
 927 0004 0122     		movs	r2, #1
 928 0006 8901     		lsls	r1, r1, #6
 929 0008 0D48     		ldr	r0, .L46
 930 000a FFF7FEFF 		bl	HAL_GPIO_WritePin
 931              	.LVL90:
 932              	.LBE7:
 933              	.LBE6:
 112:Core/Src/haptic_feedback_controller.c ****     if (status != HAL_OK) {
 934              		.loc 1 112 5 view .LVU188
 112:Core/Src/haptic_feedback_controller.c ****     if (status != HAL_OK) {
 935              		.loc 1 112 14 is_stmt 0 view .LVU189
 936 000e 0020     		movs	r0, #0
 937 0010 FFF7FEFF 		bl	haptic_feedback_set_mode
 938              	.LVL91:
 113:Core/Src/haptic_feedback_controller.c ****         return status;
 939              		.loc 1 113 5 is_stmt 1 view .LVU190
 113:Core/Src/haptic_feedback_controller.c ****         return status;
 940              		.loc 1 113 8 is_stmt 0 view .LVU191
 941 0014 0028     		cmp	r0, #0
 942 0016 00D0     		beq	.L45
 943              	.LVL92:
 944              	.L44:
 144:Core/Src/haptic_feedback_controller.c **** 
 945              		.loc 1 144 1 view .LVU192
 946              		@ sp needed
 947 0018 10BD     		pop	{r4, pc}
 948              	.LVL93:
 949              	.L45:
 119:Core/Src/haptic_feedback_controller.c ****     if (status != HAL_OK) {
 950              		.loc 1 119 5 is_stmt 1 view .LVU193
 119:Core/Src/haptic_feedback_controller.c ****     if (status != HAL_OK) {
 951              		.loc 1 119 14 is_stmt 0 view .LVU194
 952 001a 0130     		adds	r0, r0, #1
 953              	.LVL94:
 119:Core/Src/haptic_feedback_controller.c ****     if (status != HAL_OK) {
 954              		.loc 1 119 14 view .LVU195
 955 001c FFF7FEFF 		bl	haptic_feedback_set_actuator_type
 956              	.LVL95:
ARM GAS  /var/folders/bp/ytvqs5756l50d7lg2fzmjpcr0000gn/T//cc9bXJUW.s 			page 25


 120:Core/Src/haptic_feedback_controller.c ****         return status;
 957              		.loc 1 120 5 is_stmt 1 view .LVU196
 120:Core/Src/haptic_feedback_controller.c ****         return status;
 958              		.loc 1 120 8 is_stmt 0 view .LVU197
 959 0020 0028     		cmp	r0, #0
 960 0022 F9D1     		bne	.L44
 125:Core/Src/haptic_feedback_controller.c ****     if (status != HAL_OK) {
 961              		.loc 1 125 5 is_stmt 1 view .LVU198
 125:Core/Src/haptic_feedback_controller.c ****     if (status != HAL_OK) {
 962              		.loc 1 125 14 is_stmt 0 view .LVU199
 963 0024 0130     		adds	r0, r0, #1
 964              	.LVL96:
 125:Core/Src/haptic_feedback_controller.c ****     if (status != HAL_OK) {
 965              		.loc 1 125 14 view .LVU200
 966 0026 FFF7FEFF 		bl	haptic_feedback_set_open_loop
 967              	.LVL97:
 126:Core/Src/haptic_feedback_controller.c ****         return status;
 968              		.loc 1 126 5 is_stmt 1 view .LVU201
 126:Core/Src/haptic_feedback_controller.c ****         return status;
 969              		.loc 1 126 8 is_stmt 0 view .LVU202
 970 002a 0028     		cmp	r0, #0
 971 002c F4D1     		bne	.L44
 131:Core/Src/haptic_feedback_controller.c ****     if (status != HAL_OK) {
 972              		.loc 1 131 5 is_stmt 1 view .LVU203
 131:Core/Src/haptic_feedback_controller.c ****     if (status != HAL_OK) {
 973              		.loc 1 131 14 is_stmt 0 view .LVU204
 974 002e AA30     		adds	r0, r0, #170
 975              	.LVL98:
 131:Core/Src/haptic_feedback_controller.c ****     if (status != HAL_OK) {
 976              		.loc 1 131 14 view .LVU205
 977 0030 FFF7FEFF 		bl	haptic_feedback_set_ol_lra_period
 978              	.LVL99:
 132:Core/Src/haptic_feedback_controller.c ****         return status;
 979              		.loc 1 132 5 is_stmt 1 view .LVU206
 132:Core/Src/haptic_feedback_controller.c ****         return status;
 980              		.loc 1 132 8 is_stmt 0 view .LVU207
 981 0034 0028     		cmp	r0, #0
 982 0036 EFD1     		bne	.L44
 138:Core/Src/haptic_feedback_controller.c ****     if (status != HAL_OK) {
 983              		.loc 1 138 5 is_stmt 1 view .LVU208
 138:Core/Src/haptic_feedback_controller.c ****     if (status != HAL_OK) {
 984              		.loc 1 138 14 is_stmt 0 view .LVU209
 985 0038 7E30     		adds	r0, r0, #126
 986              	.LVL100:
 138:Core/Src/haptic_feedback_controller.c ****     if (status != HAL_OK) {
 987              		.loc 1 138 14 view .LVU210
 988 003a FFF7FEFF 		bl	haptic_feedback_set_od_clamp
 989              	.LVL101:
 139:Core/Src/haptic_feedback_controller.c ****         return status;
 990              		.loc 1 139 5 is_stmt 1 view .LVU211
 140:Core/Src/haptic_feedback_controller.c ****     }
 991              		.loc 1 140 9 view .LVU212
 992 003e EBE7     		b	.L44
 993              	.L47:
 994              		.align	2
 995              	.L46:
 996 0040 00040048 		.word	1207960576
ARM GAS  /var/folders/bp/ytvqs5756l50d7lg2fzmjpcr0000gn/T//cc9bXJUW.s 			page 26


 997              		.cfi_endproc
 998              	.LFE43:
 1000              		.section	.text.haptic_feedback_controller_initialize,"ax",%progbits
 1001              		.align	1
 1002              		.global	haptic_feedback_controller_initialize
 1003              		.syntax unified
 1004              		.code	16
 1005              		.thumb_func
 1007              	haptic_feedback_controller_initialize:
 1008              	.LFB41:
  44:Core/Src/haptic_feedback_controller.c ****     bool success = false;
 1009              		.loc 1 44 50 view -0
 1010              		.cfi_startproc
 1011              		@ args = 0, pretend = 0, frame = 0
 1012              		@ frame_needed = 0, uses_anonymous_args = 0
 1013 0000 10B5     		push	{r4, lr}
 1014              	.LCFI22:
 1015              		.cfi_def_cfa_offset 8
 1016              		.cfi_offset 4, -8
 1017              		.cfi_offset 14, -4
  45:Core/Src/haptic_feedback_controller.c **** 
 1018              		.loc 1 45 5 view .LVU214
 1019              	.LVL102:
  47:Core/Src/haptic_feedback_controller.c ****         HAL_StatusTypeDef status = haptic_feedback_init_for_wideband_LRA();
 1020              		.loc 1 47 5 view .LVU215
  45:Core/Src/haptic_feedback_controller.c **** 
 1021              		.loc 1 45 10 is_stmt 0 view .LVU216
 1022 0002 0024     		movs	r4, #0
  47:Core/Src/haptic_feedback_controller.c ****         HAL_StatusTypeDef status = haptic_feedback_init_for_wideband_LRA();
 1023              		.loc 1 47 11 view .LVU217
 1024 0004 02E0     		b	.L49
 1025              	.LVL103:
 1026              	.L50:
 1027              	.LBB8:
  52:Core/Src/haptic_feedback_controller.c ****     }
 1028              		.loc 1 52 9 is_stmt 1 view .LVU218
 1029 0006 6420     		movs	r0, #100
 1030              	.LVL104:
  52:Core/Src/haptic_feedback_controller.c ****     }
 1031              		.loc 1 52 9 is_stmt 0 view .LVU219
 1032 0008 FFF7FEFF 		bl	HAL_Delay
 1033              	.LVL105:
 1034              	.L49:
  52:Core/Src/haptic_feedback_controller.c ****     }
 1035              		.loc 1 52 9 view .LVU220
 1036              	.LBE8:
  47:Core/Src/haptic_feedback_controller.c ****         HAL_StatusTypeDef status = haptic_feedback_init_for_wideband_LRA();
 1037              		.loc 1 47 12 is_stmt 1 view .LVU221
 1038 000c 002C     		cmp	r4, #0
 1039 000e 05D1     		bne	.L53
 1040              	.LBB9:
  48:Core/Src/haptic_feedback_controller.c ****         if (status == HAL_OK) {
 1041              		.loc 1 48 9 view .LVU222
  48:Core/Src/haptic_feedback_controller.c ****         if (status == HAL_OK) {
 1042              		.loc 1 48 36 is_stmt 0 view .LVU223
 1043 0010 FFF7FEFF 		bl	haptic_feedback_init_for_wideband_LRA
 1044              	.LVL106:
ARM GAS  /var/folders/bp/ytvqs5756l50d7lg2fzmjpcr0000gn/T//cc9bXJUW.s 			page 27


  49:Core/Src/haptic_feedback_controller.c ****             success = true;
 1045              		.loc 1 49 9 is_stmt 1 view .LVU224
  49:Core/Src/haptic_feedback_controller.c ****             success = true;
 1046              		.loc 1 49 12 is_stmt 0 view .LVU225
 1047 0014 0028     		cmp	r0, #0
 1048 0016 F6D1     		bne	.L50
  50:Core/Src/haptic_feedback_controller.c ****         }
 1049              		.loc 1 50 21 view .LVU226
 1050 0018 0124     		movs	r4, #1
 1051              	.LVL107:
  50:Core/Src/haptic_feedback_controller.c ****         }
 1052              		.loc 1 50 21 view .LVU227
 1053 001a F4E7     		b	.L50
 1054              	.LVL108:
 1055              	.L53:
  50:Core/Src/haptic_feedback_controller.c ****         }
 1056              		.loc 1 50 21 view .LVU228
 1057              	.LBE9:
  54:Core/Src/haptic_feedback_controller.c **** 
 1058              		.loc 1 54 1 view .LVU229
 1059              		@ sp needed
 1060              	.LVL109:
  54:Core/Src/haptic_feedback_controller.c **** 
 1061              		.loc 1 54 1 view .LVU230
 1062 001c 10BD     		pop	{r4, pc}
 1063              		.cfi_endproc
 1064              	.LFE41:
 1066              		.section	.text.haptic_feedback_get_calibration_diagnostic_result,"ax",%progbits
 1067              		.align	1
 1068              		.global	haptic_feedback_get_calibration_diagnostic_result
 1069              		.syntax unified
 1070              		.code	16
 1071              		.thumb_func
 1073              	haptic_feedback_get_calibration_diagnostic_result:
 1074              	.LVL110:
 1075              	.LFB59:
 349:Core/Src/haptic_feedback_controller.c ****     haptic_feedback_set_mode(DRV2605L_MODE_DIAGNOSTICS);
 1076              		.loc 1 349 97 is_stmt 1 view -0
 1077              		.cfi_startproc
 1078              		@ args = 0, pretend = 0, frame = 8
 1079              		@ frame_needed = 0, uses_anonymous_args = 0
 349:Core/Src/haptic_feedback_controller.c ****     haptic_feedback_set_mode(DRV2605L_MODE_DIAGNOSTICS);
 1080              		.loc 1 349 97 is_stmt 0 view .LVU232
 1081 0000 10B5     		push	{r4, lr}
 1082              	.LCFI23:
 1083              		.cfi_def_cfa_offset 8
 1084              		.cfi_offset 4, -8
 1085              		.cfi_offset 14, -4
 1086 0002 84B0     		sub	sp, sp, #16
 1087              	.LCFI24:
 1088              		.cfi_def_cfa_offset 24
 1089 0004 0400     		movs	r4, r0
 350:Core/Src/haptic_feedback_controller.c **** 
 1090              		.loc 1 350 5 is_stmt 1 view .LVU233
 1091 0006 0620     		movs	r0, #6
 1092              	.LVL111:
 350:Core/Src/haptic_feedback_controller.c **** 
ARM GAS  /var/folders/bp/ytvqs5756l50d7lg2fzmjpcr0000gn/T//cc9bXJUW.s 			page 28


 1093              		.loc 1 350 5 is_stmt 0 view .LVU234
 1094 0008 FFF7FEFF 		bl	haptic_feedback_set_mode
 1095              	.LVL112:
 352:Core/Src/haptic_feedback_controller.c ****     HAL_StatusTypeDef status;
 1096              		.loc 1 352 5 is_stmt 1 view .LVU235
 352:Core/Src/haptic_feedback_controller.c ****     HAL_StatusTypeDef status;
 1097              		.loc 1 352 13 is_stmt 0 view .LVU236
 1098 000c 0F22     		movs	r2, #15
 1099 000e 6A44     		add	r2, r2, sp
 1100 0010 0023     		movs	r3, #0
 1101 0012 1370     		strb	r3, [r2]
 353:Core/Src/haptic_feedback_controller.c **** 
 1102              		.loc 1 353 5 is_stmt 1 view .LVU237
 356:Core/Src/haptic_feedback_controller.c ****     if (status != HAL_OK) {
 1103              		.loc 1 356 5 view .LVU238
 356:Core/Src/haptic_feedback_controller.c ****     if (status != HAL_OK) {
 1104              		.loc 1 356 14 is_stmt 0 view .LVU239
 1105 0014 0A48     		ldr	r0, .L57
 1106 0016 013B     		subs	r3, r3, #1
 1107 0018 0093     		str	r3, [sp]
 1108 001a 0233     		adds	r3, r3, #2
 1109 001c B421     		movs	r1, #180
 1110 001e FFF7FEFF 		bl	HAL_I2C_Master_Transmit
 1111              	.LVL113:
 357:Core/Src/haptic_feedback_controller.c ****         return status;
 1112              		.loc 1 357 5 is_stmt 1 view .LVU240
 357:Core/Src/haptic_feedback_controller.c ****         return status;
 1113              		.loc 1 357 8 is_stmt 0 view .LVU241
 1114 0022 0028     		cmp	r0, #0
 1115 0024 01D0     		beq	.L56
 1116              	.LVL114:
 1117              	.L55:
 368:Core/Src/haptic_feedback_controller.c **** 
 1118              		.loc 1 368 1 view .LVU242
 1119 0026 04B0     		add	sp, sp, #16
 1120              		@ sp needed
 1121              	.LVL115:
 368:Core/Src/haptic_feedback_controller.c **** 
 1122              		.loc 1 368 1 view .LVU243
 1123 0028 10BD     		pop	{r4, pc}
 1124              	.LVL116:
 1125              	.L56:
 362:Core/Src/haptic_feedback_controller.c ****     if (status != HAL_OK) {
 1126              		.loc 1 362 5 is_stmt 1 view .LVU244
 362:Core/Src/haptic_feedback_controller.c ****     if (status != HAL_OK) {
 1127              		.loc 1 362 14 is_stmt 0 view .LVU245
 1128 002a 0548     		ldr	r0, .L57
 1129              	.LVL117:
 362:Core/Src/haptic_feedback_controller.c ****     if (status != HAL_OK) {
 1130              		.loc 1 362 14 view .LVU246
 1131 002c 0123     		movs	r3, #1
 1132 002e 5B42     		rsbs	r3, r3, #0
 1133 0030 0093     		str	r3, [sp]
 1134 0032 0233     		adds	r3, r3, #2
 1135 0034 2200     		movs	r2, r4
 1136 0036 B421     		movs	r1, #180
 1137 0038 FFF7FEFF 		bl	HAL_I2C_Master_Receive
ARM GAS  /var/folders/bp/ytvqs5756l50d7lg2fzmjpcr0000gn/T//cc9bXJUW.s 			page 29


 1138              	.LVL118:
 363:Core/Src/haptic_feedback_controller.c ****         return status;
 1139              		.loc 1 363 5 is_stmt 1 view .LVU247
 1140 003c F3E7     		b	.L55
 1141              	.L58:
 1142 003e C046     		.align	2
 1143              	.L57:
 1144 0040 00000000 		.word	hi2c1
 1145              		.cfi_endproc
 1146              	.LFE59:
 1148              		.section	.text.haptic_feedback_set_library,"ax",%progbits
 1149              		.align	1
 1150              		.global	haptic_feedback_set_library
 1151              		.syntax unified
 1152              		.code	16
 1153              		.thumb_func
 1155              	haptic_feedback_set_library:
 1156              	.LVL119:
 1157              	.LFB62:
 396:Core/Src/haptic_feedback_controller.c **** 
 397:Core/Src/haptic_feedback_controller.c **** /**
 398:Core/Src/haptic_feedback_controller.c ****  * @brief Sets the haptic effect library.
 399:Core/Src/haptic_feedback_controller.c ****  *
 400:Core/Src/haptic_feedback_controller.c ****  * @param library The library index to set.
 401:Core/Src/haptic_feedback_controller.c ****  * @return HAL_StatusTypeDef Status of the I2C operation.
 402:Core/Src/haptic_feedback_controller.c ****  */
 403:Core/Src/haptic_feedback_controller.c **** HAL_StatusTypeDef haptic_feedback_set_library(uint8_t library) {
 1158              		.loc 1 403 64 view -0
 1159              		.cfi_startproc
 1160              		@ args = 0, pretend = 0, frame = 8
 1161              		@ frame_needed = 0, uses_anonymous_args = 0
 1162              		.loc 1 403 64 is_stmt 0 view .LVU249
 1163 0000 00B5     		push	{lr}
 1164              	.LCFI25:
 1165              		.cfi_def_cfa_offset 4
 1166              		.cfi_offset 14, -4
 1167 0002 85B0     		sub	sp, sp, #20
 1168              	.LCFI26:
 1169              		.cfi_def_cfa_offset 24
 404:Core/Src/haptic_feedback_controller.c ****     uint8_t data[2] = {DRV2605L_REG_LIBRARY, library};
 1170              		.loc 1 404 5 is_stmt 1 view .LVU250
 1171              		.loc 1 404 13 is_stmt 0 view .LVU251
 1172 0004 03AA     		add	r2, sp, #12
 1173 0006 0323     		movs	r3, #3
 1174 0008 1370     		strb	r3, [r2]
 1175 000a 5070     		strb	r0, [r2, #1]
 405:Core/Src/haptic_feedback_controller.c ****     return HAL_I2C_Master_Transmit(&hi2c1, DRV2605L_I2C_ADDR, data, 2, HAL_MAX_DELAY);
 1176              		.loc 1 405 5 is_stmt 1 view .LVU252
 1177              		.loc 1 405 12 is_stmt 0 view .LVU253
 1178 000c 0448     		ldr	r0, .L60
 1179              	.LVL120:
 1180              		.loc 1 405 12 view .LVU254
 1181 000e 043B     		subs	r3, r3, #4
 1182 0010 0093     		str	r3, [sp]
 1183 0012 0333     		adds	r3, r3, #3
 1184 0014 B421     		movs	r1, #180
 1185 0016 FFF7FEFF 		bl	HAL_I2C_Master_Transmit
ARM GAS  /var/folders/bp/ytvqs5756l50d7lg2fzmjpcr0000gn/T//cc9bXJUW.s 			page 30


 1186              	.LVL121:
 406:Core/Src/haptic_feedback_controller.c **** }
 1187              		.loc 1 406 1 view .LVU255
 1188 001a 05B0     		add	sp, sp, #20
 1189              		@ sp needed
 1190 001c 00BD     		pop	{pc}
 1191              	.L61:
 1192 001e C046     		.align	2
 1193              	.L60:
 1194 0020 00000000 		.word	hi2c1
 1195              		.cfi_endproc
 1196              	.LFE62:
 1198              		.section	.text.haptic_feedback_start,"ax",%progbits
 1199              		.align	1
 1200              		.global	haptic_feedback_start
 1201              		.syntax unified
 1202              		.code	16
 1203              		.thumb_func
 1205              	haptic_feedback_start:
 1206              	.LFB63:
 407:Core/Src/haptic_feedback_controller.c **** 
 408:Core/Src/haptic_feedback_controller.c **** /**
 409:Core/Src/haptic_feedback_controller.c ****  * @brief Starts the haptic driver to play the selected waveform.
 410:Core/Src/haptic_feedback_controller.c ****  *
 411:Core/Src/haptic_feedback_controller.c ****  * @return HAL_StatusTypeDef Status of the I2C operation.
 412:Core/Src/haptic_feedback_controller.c ****  */
 413:Core/Src/haptic_feedback_controller.c **** HAL_StatusTypeDef haptic_feedback_start(void) {
 1207              		.loc 1 413 47 is_stmt 1 view -0
 1208              		.cfi_startproc
 1209              		@ args = 0, pretend = 0, frame = 8
 1210              		@ frame_needed = 0, uses_anonymous_args = 0
 1211 0000 00B5     		push	{lr}
 1212              	.LCFI27:
 1213              		.cfi_def_cfa_offset 4
 1214              		.cfi_offset 14, -4
 1215 0002 85B0     		sub	sp, sp, #20
 1216              	.LCFI28:
 1217              		.cfi_def_cfa_offset 24
 414:Core/Src/haptic_feedback_controller.c ****     uint8_t data[2] = {DRV2605L_REG_GO, 0x01};
 1218              		.loc 1 414 5 view .LVU257
 1219              		.loc 1 414 13 is_stmt 0 view .LVU258
 1220 0004 03AA     		add	r2, sp, #12
 1221 0006 8623     		movs	r3, #134
 1222 0008 5B00     		lsls	r3, r3, #1
 1223 000a 1380     		strh	r3, [r2]
 415:Core/Src/haptic_feedback_controller.c ****     return HAL_I2C_Master_Transmit(&hi2c1, DRV2605L_I2C_ADDR, data, 2, HAL_MAX_DELAY);
 1224              		.loc 1 415 5 is_stmt 1 view .LVU259
 1225              		.loc 1 415 12 is_stmt 0 view .LVU260
 1226 000c 0448     		ldr	r0, .L63
 1227 000e 0E3B     		subs	r3, r3, #14
 1228 0010 FF3B     		subs	r3, r3, #255
 1229 0012 0093     		str	r3, [sp]
 1230 0014 0333     		adds	r3, r3, #3
 1231 0016 B421     		movs	r1, #180
 1232 0018 FFF7FEFF 		bl	HAL_I2C_Master_Transmit
 1233              	.LVL122:
 416:Core/Src/haptic_feedback_controller.c **** }
ARM GAS  /var/folders/bp/ytvqs5756l50d7lg2fzmjpcr0000gn/T//cc9bXJUW.s 			page 31


 1234              		.loc 1 416 1 view .LVU261
 1235 001c 05B0     		add	sp, sp, #20
 1236              		@ sp needed
 1237 001e 00BD     		pop	{pc}
 1238              	.L64:
 1239              		.align	2
 1240              	.L63:
 1241 0020 00000000 		.word	hi2c1
 1242              		.cfi_endproc
 1243              	.LFE63:
 1245              		.section	.text.haptic_feedback_run_auto_calibration_procedure,"ax",%progbits
 1246              		.align	1
 1247              		.global	haptic_feedback_run_auto_calibration_procedure
 1248              		.syntax unified
 1249              		.code	16
 1250              		.thumb_func
 1252              	haptic_feedback_run_auto_calibration_procedure:
 1253              	.LFB42:
  59:Core/Src/haptic_feedback_controller.c ****     HAL_StatusTypeDef status;
 1254              		.loc 1 59 59 is_stmt 1 view -0
 1255              		.cfi_startproc
 1256              		@ args = 0, pretend = 0, frame = 8
 1257              		@ frame_needed = 0, uses_anonymous_args = 0
 1258 0000 10B5     		push	{r4, lr}
 1259              	.LCFI29:
 1260              		.cfi_def_cfa_offset 8
 1261              		.cfi_offset 4, -8
 1262              		.cfi_offset 14, -4
 1263 0002 82B0     		sub	sp, sp, #8
 1264              	.LCFI30:
 1265              		.cfi_def_cfa_offset 16
  60:Core/Src/haptic_feedback_controller.c **** 
 1266              		.loc 1 60 5 view .LVU263
  62:Core/Src/haptic_feedback_controller.c ****     haptic_feedback_set_mode(DRV2605L_MODE_CALIBRATION);
 1267              		.loc 1 62 5 view .LVU264
 1268              	.LBB10:
 1269              	.LBI10:
 149:Core/Src/haptic_feedback_controller.c ****     HAL_GPIO_WritePin(HAPTIC_EN_PORT, HAPTIC_EN_PIN, GPIO_PIN_SET);
 1270              		.loc 1 149 13 view .LVU265
 1271              	.LBB11:
 150:Core/Src/haptic_feedback_controller.c **** }
 1272              		.loc 1 150 5 view .LVU266
 1273 0004 8021     		movs	r1, #128
 1274 0006 0122     		movs	r2, #1
 1275 0008 8901     		lsls	r1, r1, #6
 1276 000a 1E48     		ldr	r0, .L69
 1277 000c FFF7FEFF 		bl	HAL_GPIO_WritePin
 1278              	.LVL123:
 1279              	.LBE11:
 1280              	.LBE10:
  63:Core/Src/haptic_feedback_controller.c **** 
 1281              		.loc 1 63 5 view .LVU267
 1282 0010 0720     		movs	r0, #7
 1283 0012 FFF7FEFF 		bl	haptic_feedback_set_mode
 1284              	.LVL124:
  66:Core/Src/haptic_feedback_controller.c ****     status |= haptic_feedback_set_brake_factor(2);
 1285              		.loc 1 66 5 view .LVU268
ARM GAS  /var/folders/bp/ytvqs5756l50d7lg2fzmjpcr0000gn/T//cc9bXJUW.s 			page 32


  66:Core/Src/haptic_feedback_controller.c ****     status |= haptic_feedback_set_brake_factor(2);
 1286              		.loc 1 66 15 is_stmt 0 view .LVU269
 1287 0016 0120     		movs	r0, #1
 1288 0018 FFF7FEFF 		bl	haptic_feedback_set_actuator_type
 1289              	.LVL125:
  67:Core/Src/haptic_feedback_controller.c ****     status |= haptic_feedback_set_loop_gain(2);
 1290              		.loc 1 67 5 is_stmt 1 view .LVU270
  67:Core/Src/haptic_feedback_controller.c ****     status |= haptic_feedback_set_loop_gain(2);
 1291              		.loc 1 67 15 is_stmt 0 view .LVU271
 1292 001c 0220     		movs	r0, #2
 1293 001e FFF7FEFF 		bl	haptic_feedback_set_brake_factor
 1294              	.LVL126:
  68:Core/Src/haptic_feedback_controller.c ****     status |= haptic_feedback_set_rated_voltage(105);
 1295              		.loc 1 68 5 is_stmt 1 view .LVU272
  68:Core/Src/haptic_feedback_controller.c ****     status |= haptic_feedback_set_rated_voltage(105);
 1296              		.loc 1 68 15 is_stmt 0 view .LVU273
 1297 0022 0220     		movs	r0, #2
 1298 0024 FFF7FEFF 		bl	haptic_feedback_set_loop_gain
 1299              	.LVL127:
  69:Core/Src/haptic_feedback_controller.c ****     status |= haptic_feedback_set_od_clamp(126);
 1300              		.loc 1 69 5 is_stmt 1 view .LVU274
  69:Core/Src/haptic_feedback_controller.c ****     status |= haptic_feedback_set_od_clamp(126);
 1301              		.loc 1 69 15 is_stmt 0 view .LVU275
 1302 0028 6920     		movs	r0, #105
 1303 002a FFF7FEFF 		bl	haptic_feedback_set_rated_voltage
 1304              	.LVL128:
  70:Core/Src/haptic_feedback_controller.c ****     status |= haptic_feedback_set_auto_calibration_time(3);
 1305              		.loc 1 70 5 is_stmt 1 view .LVU276
  70:Core/Src/haptic_feedback_controller.c ****     status |= haptic_feedback_set_auto_calibration_time(3);
 1306              		.loc 1 70 15 is_stmt 0 view .LVU277
 1307 002e 7E20     		movs	r0, #126
 1308 0030 FFF7FEFF 		bl	haptic_feedback_set_od_clamp
 1309              	.LVL129:
  71:Core/Src/haptic_feedback_controller.c ****     status |= haptic_feedback_set_drive_time(24);
 1310              		.loc 1 71 5 is_stmt 1 view .LVU278
  71:Core/Src/haptic_feedback_controller.c ****     status |= haptic_feedback_set_drive_time(24);
 1311              		.loc 1 71 15 is_stmt 0 view .LVU279
 1312 0034 0320     		movs	r0, #3
 1313 0036 FFF7FEFF 		bl	haptic_feedback_set_auto_calibration_time
 1314              	.LVL130:
  72:Core/Src/haptic_feedback_controller.c ****     status |= haptic_feedback_set_sample_time(3);
 1315              		.loc 1 72 5 is_stmt 1 view .LVU280
  72:Core/Src/haptic_feedback_controller.c ****     status |= haptic_feedback_set_sample_time(3);
 1316              		.loc 1 72 15 is_stmt 0 view .LVU281
 1317 003a 1820     		movs	r0, #24
 1318 003c FFF7FEFF 		bl	haptic_feedback_set_drive_time
 1319              	.LVL131:
  73:Core/Src/haptic_feedback_controller.c ****     status |= haptic_feedback_set_blanking_time(1);
 1320              		.loc 1 73 5 is_stmt 1 view .LVU282
  73:Core/Src/haptic_feedback_controller.c ****     status |= haptic_feedback_set_blanking_time(1);
 1321              		.loc 1 73 15 is_stmt 0 view .LVU283
 1322 0040 0320     		movs	r0, #3
 1323 0042 FFF7FEFF 		bl	haptic_feedback_set_sample_time
 1324              	.LVL132:
  74:Core/Src/haptic_feedback_controller.c ****     status |= haptic_feedback_set_idiss_time(1);
 1325              		.loc 1 74 5 is_stmt 1 view .LVU284
  74:Core/Src/haptic_feedback_controller.c ****     status |= haptic_feedback_set_idiss_time(1);
ARM GAS  /var/folders/bp/ytvqs5756l50d7lg2fzmjpcr0000gn/T//cc9bXJUW.s 			page 33


 1326              		.loc 1 74 15 is_stmt 0 view .LVU285
 1327 0046 0120     		movs	r0, #1
 1328 0048 FFF7FEFF 		bl	haptic_feedback_set_blanking_time
 1329              	.LVL133:
  75:Core/Src/haptic_feedback_controller.c ****     status |= haptic_feedback_set_zc_det_time(0);
 1330              		.loc 1 75 5 is_stmt 1 view .LVU286
  75:Core/Src/haptic_feedback_controller.c ****     status |= haptic_feedback_set_zc_det_time(0);
 1331              		.loc 1 75 15 is_stmt 0 view .LVU287
 1332 004c 0120     		movs	r0, #1
 1333 004e FFF7FEFF 		bl	haptic_feedback_set_idiss_time
 1334              	.LVL134:
  76:Core/Src/haptic_feedback_controller.c **** 
 1335              		.loc 1 76 5 is_stmt 1 view .LVU288
  76:Core/Src/haptic_feedback_controller.c **** 
 1336              		.loc 1 76 15 is_stmt 0 view .LVU289
 1337 0052 0020     		movs	r0, #0
 1338 0054 FFF7FEFF 		bl	haptic_feedback_set_zc_det_time
 1339              	.LVL135:
  78:Core/Src/haptic_feedback_controller.c **** 
 1340              		.loc 1 78 5 is_stmt 1 view .LVU290
 1341 0058 FFF7FEFF 		bl	haptic_feedback_start
 1342              	.LVL136:
  80:Core/Src/haptic_feedback_controller.c **** 
 1343              		.loc 1 80 5 view .LVU291
 1344 005c 0A48     		ldr	r0, .L69+4
 1345 005e FFF7FEFF 		bl	HAL_Delay
 1346              	.LVL137:
  82:Core/Src/haptic_feedback_controller.c ****     status |= haptic_feedback_get_calibration_diagnostic_result(&diagnostic_result);
 1347              		.loc 1 82 5 view .LVU292
  83:Core/Src/haptic_feedback_controller.c **** 
 1348              		.loc 1 83 5 view .LVU293
  83:Core/Src/haptic_feedback_controller.c **** 
 1349              		.loc 1 83 15 is_stmt 0 view .LVU294
 1350 0062 6B46     		mov	r3, sp
 1351 0064 DC1D     		adds	r4, r3, #7
 1352 0066 2000     		movs	r0, r4
 1353 0068 FFF7FEFF 		bl	haptic_feedback_get_calibration_diagnostic_result
 1354              	.LVL138:
  86:Core/Src/haptic_feedback_controller.c ****         return false;
 1355              		.loc 1 86 5 is_stmt 1 view .LVU295
  86:Core/Src/haptic_feedback_controller.c ****         return false;
 1356              		.loc 1 86 39 view .LVU296
  86:Core/Src/haptic_feedback_controller.c ****         return false;
 1357              		.loc 1 86 31 is_stmt 0 view .LVU297
 1358 006c 2378     		ldrb	r3, [r4]
  86:Core/Src/haptic_feedback_controller.c ****         return false;
 1359              		.loc 1 86 39 view .LVU298
 1360 006e 1B07     		lsls	r3, r3, #28
 1361 0070 02D5     		bpl	.L68
  87:Core/Src/haptic_feedback_controller.c ****     }
 1362              		.loc 1 87 16 view .LVU299
 1363 0072 0020     		movs	r0, #0
 1364              	.L66:
  94:Core/Src/haptic_feedback_controller.c **** 
 1365              		.loc 1 94 1 view .LVU300
 1366 0074 02B0     		add	sp, sp, #8
 1367              		@ sp needed
ARM GAS  /var/folders/bp/ytvqs5756l50d7lg2fzmjpcr0000gn/T//cc9bXJUW.s 			page 34


 1368 0076 10BD     		pop	{r4, pc}
 1369              	.L68:
  91:Core/Src/haptic_feedback_controller.c **** 
 1370              		.loc 1 91 5 is_stmt 1 view .LVU301
 1371 0078 0348     		ldr	r0, .L69+4
 1372 007a FFF7FEFF 		bl	HAL_Delay
 1373              	.LVL139:
  93:Core/Src/haptic_feedback_controller.c **** }
 1374              		.loc 1 93 5 view .LVU302
  93:Core/Src/haptic_feedback_controller.c **** }
 1375              		.loc 1 93 12 is_stmt 0 view .LVU303
 1376 007e 0120     		movs	r0, #1
 1377 0080 F8E7     		b	.L66
 1378              	.L70:
 1379 0082 C046     		.align	2
 1380              	.L69:
 1381 0084 00040048 		.word	1207960576
 1382 0088 88130000 		.word	5000
 1383              		.cfi_endproc
 1384              	.LFE42:
 1386              		.section	.text.haptic_feedback_play_waveform,"ax",%progbits
 1387              		.align	1
 1388              		.global	haptic_feedback_play_waveform
 1389              		.syntax unified
 1390              		.code	16
 1391              		.thumb_func
 1393              	haptic_feedback_play_waveform:
 1394              	.LVL140:
 1395              	.LFB60:
 376:Core/Src/haptic_feedback_controller.c ****     uint8_t data[2] = {DRV2605L_REG_WAVESEQ1, waveform};
 1396              		.loc 1 376 67 is_stmt 1 view -0
 1397              		.cfi_startproc
 1398              		@ args = 0, pretend = 0, frame = 8
 1399              		@ frame_needed = 0, uses_anonymous_args = 0
 376:Core/Src/haptic_feedback_controller.c ****     uint8_t data[2] = {DRV2605L_REG_WAVESEQ1, waveform};
 1400              		.loc 1 376 67 is_stmt 0 view .LVU305
 1401 0000 10B5     		push	{r4, lr}
 1402              	.LCFI31:
 1403              		.cfi_def_cfa_offset 8
 1404              		.cfi_offset 4, -8
 1405              		.cfi_offset 14, -4
 1406 0002 84B0     		sub	sp, sp, #16
 1407              	.LCFI32:
 1408              		.cfi_def_cfa_offset 24
 377:Core/Src/haptic_feedback_controller.c ****     HAL_StatusTypeDef status = HAL_I2C_Master_Transmit(&hi2c1, DRV2605L_I2C_ADDR, data, 2, HAL_MAX_
 1409              		.loc 1 377 5 is_stmt 1 view .LVU306
 377:Core/Src/haptic_feedback_controller.c ****     HAL_StatusTypeDef status = HAL_I2C_Master_Transmit(&hi2c1, DRV2605L_I2C_ADDR, data, 2, HAL_MAX_
 1410              		.loc 1 377 13 is_stmt 0 view .LVU307
 1411 0004 03AA     		add	r2, sp, #12
 1412 0006 0423     		movs	r3, #4
 1413 0008 1370     		strb	r3, [r2]
 1414 000a 5070     		strb	r0, [r2, #1]
 378:Core/Src/haptic_feedback_controller.c ****     if (status != HAL_OK) {
 1415              		.loc 1 378 5 is_stmt 1 view .LVU308
 378:Core/Src/haptic_feedback_controller.c ****     if (status != HAL_OK) {
 1416              		.loc 1 378 32 is_stmt 0 view .LVU309
 1417 000c 0748     		ldr	r0, .L74
ARM GAS  /var/folders/bp/ytvqs5756l50d7lg2fzmjpcr0000gn/T//cc9bXJUW.s 			page 35


 1418              	.LVL141:
 378:Core/Src/haptic_feedback_controller.c ****     if (status != HAL_OK) {
 1419              		.loc 1 378 32 view .LVU310
 1420 000e 053B     		subs	r3, r3, #5
 1421 0010 0093     		str	r3, [sp]
 1422 0012 0333     		adds	r3, r3, #3
 1423 0014 B421     		movs	r1, #180
 1424 0016 FFF7FEFF 		bl	HAL_I2C_Master_Transmit
 1425              	.LVL142:
 378:Core/Src/haptic_feedback_controller.c ****     if (status != HAL_OK) {
 1426              		.loc 1 378 32 view .LVU311
 1427 001a 041E     		subs	r4, r0, #0
 1428              	.LVL143:
 379:Core/Src/haptic_feedback_controller.c ****         return status;
 1429              		.loc 1 379 5 is_stmt 1 view .LVU312
 379:Core/Src/haptic_feedback_controller.c ****         return status;
 1430              		.loc 1 379 8 is_stmt 0 view .LVU313
 1431 001c 02D0     		beq	.L73
 1432              	.LVL144:
 1433              	.L72:
 384:Core/Src/haptic_feedback_controller.c **** 
 1434              		.loc 1 384 1 view .LVU314
 1435 001e 2000     		movs	r0, r4
 1436 0020 04B0     		add	sp, sp, #16
 1437              		@ sp needed
 1438 0022 10BD     		pop	{r4, pc}
 1439              	.LVL145:
 1440              	.L73:
 382:Core/Src/haptic_feedback_controller.c ****     return HAL_OK;
 1441              		.loc 1 382 5 is_stmt 1 view .LVU315
 1442 0024 FFF7FEFF 		bl	haptic_feedback_start
 1443              	.LVL146:
 383:Core/Src/haptic_feedback_controller.c **** }
 1444              		.loc 1 383 5 view .LVU316
 383:Core/Src/haptic_feedback_controller.c **** }
 1445              		.loc 1 383 12 is_stmt 0 view .LVU317
 1446 0028 F9E7     		b	.L72
 1447              	.L75:
 1448 002a C046     		.align	2
 1449              	.L74:
 1450 002c 00000000 		.word	hi2c1
 1451              		.cfi_endproc
 1452              	.LFE60:
 1454              		.section	.text.haptic_feedback_stop,"ax",%progbits
 1455              		.align	1
 1456              		.global	haptic_feedback_stop
 1457              		.syntax unified
 1458              		.code	16
 1459              		.thumb_func
 1461              	haptic_feedback_stop:
 1462              	.LFB64:
 417:Core/Src/haptic_feedback_controller.c **** 
 418:Core/Src/haptic_feedback_controller.c **** /**
 419:Core/Src/haptic_feedback_controller.c ****  * @brief Stops the haptic driver.
 420:Core/Src/haptic_feedback_controller.c ****  *
 421:Core/Src/haptic_feedback_controller.c ****  * @return HAL_StatusTypeDef Status of the I2C operation.
 422:Core/Src/haptic_feedback_controller.c ****  */
ARM GAS  /var/folders/bp/ytvqs5756l50d7lg2fzmjpcr0000gn/T//cc9bXJUW.s 			page 36


 423:Core/Src/haptic_feedback_controller.c **** HAL_StatusTypeDef haptic_feedback_stop(void) {
 1463              		.loc 1 423 46 is_stmt 1 view -0
 1464              		.cfi_startproc
 1465              		@ args = 0, pretend = 0, frame = 8
 1466              		@ frame_needed = 0, uses_anonymous_args = 0
 1467 0000 00B5     		push	{lr}
 1468              	.LCFI33:
 1469              		.cfi_def_cfa_offset 4
 1470              		.cfi_offset 14, -4
 1471 0002 85B0     		sub	sp, sp, #20
 1472              	.LCFI34:
 1473              		.cfi_def_cfa_offset 24
 424:Core/Src/haptic_feedback_controller.c ****     uint8_t data[2] = {DRV2605L_REG_GO, 0x00};
 1474              		.loc 1 424 5 view .LVU319
 1475              		.loc 1 424 13 is_stmt 0 view .LVU320
 1476 0004 03AA     		add	r2, sp, #12
 1477 0006 0C23     		movs	r3, #12
 1478 0008 1380     		strh	r3, [r2]
 425:Core/Src/haptic_feedback_controller.c ****     return HAL_I2C_Master_Transmit(&hi2c1, DRV2605L_I2C_ADDR, data, 2, HAL_MAX_DELAY);
 1479              		.loc 1 425 5 is_stmt 1 view .LVU321
 1480              		.loc 1 425 12 is_stmt 0 view .LVU322
 1481 000a 0448     		ldr	r0, .L77
 1482 000c 0D3B     		subs	r3, r3, #13
 1483 000e 0093     		str	r3, [sp]
 1484 0010 0333     		adds	r3, r3, #3
 1485 0012 B421     		movs	r1, #180
 1486 0014 FFF7FEFF 		bl	HAL_I2C_Master_Transmit
 1487              	.LVL147:
 426:Core/Src/haptic_feedback_controller.c **** }
 1488              		.loc 1 426 1 view .LVU323
 1489 0018 05B0     		add	sp, sp, #20
 1490              		@ sp needed
 1491 001a 00BD     		pop	{pc}
 1492              	.L78:
 1493              		.align	2
 1494              	.L77:
 1495 001c 00000000 		.word	hi2c1
 1496              		.cfi_endproc
 1497              	.LFE64:
 1499              		.section	.text.haptic_feedback_is_active,"ax",%progbits
 1500              		.align	1
 1501              		.global	haptic_feedback_is_active
 1502              		.syntax unified
 1503              		.code	16
 1504              		.thumb_func
 1506              	haptic_feedback_is_active:
 1507              	.LFB65:
 427:Core/Src/haptic_feedback_controller.c **** 
 428:Core/Src/haptic_feedback_controller.c **** /**
 429:Core/Src/haptic_feedback_controller.c ****  * @brief Checks if the haptic driver is currently active (GO bit is set)
 430:Core/Src/haptic_feedback_controller.c ****  * 
 431:Core/Src/haptic_feedback_controller.c ****  * @return bool True if the driver is active, false otherwise
 432:Core/Src/haptic_feedback_controller.c ****  */
 433:Core/Src/haptic_feedback_controller.c **** bool haptic_feedback_is_active(void) {
 1508              		.loc 1 433 38 is_stmt 1 view -0
 1509              		.cfi_startproc
 1510              		@ args = 0, pretend = 0, frame = 8
ARM GAS  /var/folders/bp/ytvqs5756l50d7lg2fzmjpcr0000gn/T//cc9bXJUW.s 			page 37


 1511              		@ frame_needed = 0, uses_anonymous_args = 0
 1512 0000 00B5     		push	{lr}
 1513              	.LCFI35:
 1514              		.cfi_def_cfa_offset 4
 1515              		.cfi_offset 14, -4
 1516 0002 85B0     		sub	sp, sp, #20
 1517              	.LCFI36:
 1518              		.cfi_def_cfa_offset 24
 434:Core/Src/haptic_feedback_controller.c ****     uint8_t reg_address = DRV2605L_REG_GO;
 1519              		.loc 1 434 5 view .LVU325
 1520              		.loc 1 434 13 is_stmt 0 view .LVU326
 1521 0004 0F22     		movs	r2, #15
 1522 0006 6A44     		add	r2, r2, sp
 1523 0008 0C23     		movs	r3, #12
 1524 000a 1370     		strb	r3, [r2]
 435:Core/Src/haptic_feedback_controller.c ****     uint8_t reg_value = 0;
 1525              		.loc 1 435 5 is_stmt 1 view .LVU327
 1526              		.loc 1 435 13 is_stmt 0 view .LVU328
 1527 000c 0233     		adds	r3, r3, #2
 1528 000e 6B44     		add	r3, r3, sp
 1529 0010 0021     		movs	r1, #0
 1530 0012 1970     		strb	r1, [r3]
 436:Core/Src/haptic_feedback_controller.c ****     HAL_StatusTypeDef status = HAL_I2C_Master_Transmit(&hi2c1, DRV2605L_I2C_ADDR, &reg_address, 1, 
 1531              		.loc 1 436 5 is_stmt 1 view .LVU329
 1532              		.loc 1 436 32 is_stmt 0 view .LVU330
 1533 0014 1048     		ldr	r0, .L84
 1534 0016 0123     		movs	r3, #1
 1535 0018 5B42     		rsbs	r3, r3, #0
 1536 001a 0093     		str	r3, [sp]
 1537 001c 0233     		adds	r3, r3, #2
 1538 001e B431     		adds	r1, r1, #180
 1539 0020 FFF7FEFF 		bl	HAL_I2C_Master_Transmit
 1540              	.LVL148:
 437:Core/Src/haptic_feedback_controller.c ****     if (status != HAL_OK) {
 1541              		.loc 1 437 5 is_stmt 1 view .LVU331
 1542              		.loc 1 437 8 is_stmt 0 view .LVU332
 1543 0024 0028     		cmp	r0, #0
 1544 0026 02D0     		beq	.L83
 438:Core/Src/haptic_feedback_controller.c ****         return false; // Assume not active if communication fails
 1545              		.loc 1 438 16 view .LVU333
 1546 0028 0020     		movs	r0, #0
 1547              	.LVL149:
 1548              	.L80:
 439:Core/Src/haptic_feedback_controller.c ****     }
 440:Core/Src/haptic_feedback_controller.c ****     
 441:Core/Src/haptic_feedback_controller.c ****     status = HAL_I2C_Master_Receive(&hi2c1, DRV2605L_I2C_ADDR, &reg_value, 1, HAL_MAX_DELAY);
 442:Core/Src/haptic_feedback_controller.c ****     if (status != HAL_OK) {
 443:Core/Src/haptic_feedback_controller.c ****         return false; // Assume not active if communication fails
 444:Core/Src/haptic_feedback_controller.c ****     }
 445:Core/Src/haptic_feedback_controller.c ****     
 446:Core/Src/haptic_feedback_controller.c ****     return (reg_value & 0x01) == 0x01; // Check if GO bit is set
 447:Core/Src/haptic_feedback_controller.c **** }
 1549              		.loc 1 447 1 view .LVU334
 1550 002a 05B0     		add	sp, sp, #20
 1551              		@ sp needed
 1552 002c 00BD     		pop	{pc}
 1553              	.LVL150:
ARM GAS  /var/folders/bp/ytvqs5756l50d7lg2fzmjpcr0000gn/T//cc9bXJUW.s 			page 38


 1554              	.L83:
 441:Core/Src/haptic_feedback_controller.c ****     if (status != HAL_OK) {
 1555              		.loc 1 441 5 is_stmt 1 view .LVU335
 441:Core/Src/haptic_feedback_controller.c ****     if (status != HAL_OK) {
 1556              		.loc 1 441 14 is_stmt 0 view .LVU336
 1557 002e 0A48     		ldr	r0, .L84
 1558              	.LVL151:
 441:Core/Src/haptic_feedback_controller.c ****     if (status != HAL_OK) {
 1559              		.loc 1 441 14 view .LVU337
 1560 0030 0123     		movs	r3, #1
 1561 0032 5B42     		rsbs	r3, r3, #0
 1562 0034 0093     		str	r3, [sp]
 1563 0036 0233     		adds	r3, r3, #2
 1564 0038 0E22     		movs	r2, #14
 1565 003a 6A44     		add	r2, r2, sp
 1566 003c B421     		movs	r1, #180
 1567 003e FFF7FEFF 		bl	HAL_I2C_Master_Receive
 1568              	.LVL152:
 442:Core/Src/haptic_feedback_controller.c ****         return false; // Assume not active if communication fails
 1569              		.loc 1 442 5 is_stmt 1 view .LVU338
 442:Core/Src/haptic_feedback_controller.c ****         return false; // Assume not active if communication fails
 1570              		.loc 1 442 8 is_stmt 0 view .LVU339
 1571 0042 0028     		cmp	r0, #0
 1572 0044 05D1     		bne	.L82
 446:Core/Src/haptic_feedback_controller.c **** }
 1573              		.loc 1 446 5 is_stmt 1 view .LVU340
 1574 0046 0E23     		movs	r3, #14
 1575 0048 6B44     		add	r3, r3, sp
 1576 004a 1B78     		ldrb	r3, [r3]
 446:Core/Src/haptic_feedback_controller.c **** }
 1577              		.loc 1 446 31 is_stmt 0 view .LVU341
 1578 004c 0130     		adds	r0, r0, #1
 1579              	.LVL153:
 446:Core/Src/haptic_feedback_controller.c **** }
 1580              		.loc 1 446 31 view .LVU342
 1581 004e 1840     		ands	r0, r3
 1582              	.LVL154:
 446:Core/Src/haptic_feedback_controller.c **** }
 1583              		.loc 1 446 31 view .LVU343
 1584 0050 EBE7     		b	.L80
 1585              	.LVL155:
 1586              	.L82:
 443:Core/Src/haptic_feedback_controller.c ****     }
 1587              		.loc 1 443 16 view .LVU344
 1588 0052 0020     		movs	r0, #0
 1589              	.LVL156:
 443:Core/Src/haptic_feedback_controller.c ****     }
 1590              		.loc 1 443 16 view .LVU345
 1591 0054 E9E7     		b	.L80
 1592              	.L85:
 1593 0056 C046     		.align	2
 1594              	.L84:
 1595 0058 00000000 		.word	hi2c1
 1596              		.cfi_endproc
 1597              	.LFE65:
 1599              		.section	.text.haptic_feedback_rtp_mode,"ax",%progbits
 1600              		.align	1
ARM GAS  /var/folders/bp/ytvqs5756l50d7lg2fzmjpcr0000gn/T//cc9bXJUW.s 			page 39


 1601              		.global	haptic_feedback_rtp_mode
 1602              		.syntax unified
 1603              		.code	16
 1604              		.thumb_func
 1606              	haptic_feedback_rtp_mode:
 1607              	.LVL157:
 1608              	.LFB66:
 448:Core/Src/haptic_feedback_controller.c **** 
 449:Core/Src/haptic_feedback_controller.c **** /**
 450:Core/Src/haptic_feedback_controller.c ****  * @brief Enables Real-Time Playback (RTP) mode with a given amplitude.
 451:Core/Src/haptic_feedback_controller.c ****  *
 452:Core/Src/haptic_feedback_controller.c ****  * @param amplitude The amplitude level for RTP.
 453:Core/Src/haptic_feedback_controller.c ****  * @return HAL_StatusTypeDef Status of the I2C operations.
 454:Core/Src/haptic_feedback_controller.c ****  */
 455:Core/Src/haptic_feedback_controller.c **** HAL_StatusTypeDef haptic_feedback_rtp_mode(uint8_t amplitude) {
 1609              		.loc 1 455 63 is_stmt 1 view -0
 1610              		.cfi_startproc
 1611              		@ args = 0, pretend = 0, frame = 8
 1612              		@ frame_needed = 0, uses_anonymous_args = 0
 1613              		.loc 1 455 63 is_stmt 0 view .LVU347
 1614 0000 10B5     		push	{r4, lr}
 1615              	.LCFI37:
 1616              		.cfi_def_cfa_offset 8
 1617              		.cfi_offset 4, -8
 1618              		.cfi_offset 14, -4
 1619 0002 84B0     		sub	sp, sp, #16
 1620              	.LCFI38:
 1621              		.cfi_def_cfa_offset 24
 1622 0004 0400     		movs	r4, r0
 456:Core/Src/haptic_feedback_controller.c ****     HAL_StatusTypeDef status;
 1623              		.loc 1 456 5 is_stmt 1 view .LVU348
 457:Core/Src/haptic_feedback_controller.c **** 
 458:Core/Src/haptic_feedback_controller.c ****     status = haptic_feedback_set_mode(DRV2605L_MODE_REAL_TIME_PLAYBACK);
 1624              		.loc 1 458 5 view .LVU349
 1625              		.loc 1 458 14 is_stmt 0 view .LVU350
 1626 0006 0520     		movs	r0, #5
 1627              	.LVL158:
 1628              		.loc 1 458 14 view .LVU351
 1629 0008 FFF7FEFF 		bl	haptic_feedback_set_mode
 1630              	.LVL159:
 459:Core/Src/haptic_feedback_controller.c ****     if (status != HAL_OK) {
 1631              		.loc 1 459 5 is_stmt 1 view .LVU352
 1632              		.loc 1 459 8 is_stmt 0 view .LVU353
 1633 000c 0028     		cmp	r0, #0
 1634 000e 01D0     		beq	.L88
 1635              	.LVL160:
 1636              	.L87:
 460:Core/Src/haptic_feedback_controller.c ****         return status;
 461:Core/Src/haptic_feedback_controller.c ****     }
 462:Core/Src/haptic_feedback_controller.c **** 
 463:Core/Src/haptic_feedback_controller.c ****     uint8_t data[2] = {DRV2605L_REG_RTP, amplitude};
 464:Core/Src/haptic_feedback_controller.c ****     return HAL_I2C_Master_Transmit(&hi2c1, DRV2605L_I2C_ADDR, data, 2, HAL_MAX_DELAY);
 465:Core/Src/haptic_feedback_controller.c **** }
 1637              		.loc 1 465 1 view .LVU354
 1638 0010 04B0     		add	sp, sp, #16
 1639              		@ sp needed
 1640              	.LVL161:
ARM GAS  /var/folders/bp/ytvqs5756l50d7lg2fzmjpcr0000gn/T//cc9bXJUW.s 			page 40


 1641              		.loc 1 465 1 view .LVU355
 1642 0012 10BD     		pop	{r4, pc}
 1643              	.LVL162:
 1644              	.L88:
 463:Core/Src/haptic_feedback_controller.c ****     return HAL_I2C_Master_Transmit(&hi2c1, DRV2605L_I2C_ADDR, data, 2, HAL_MAX_DELAY);
 1645              		.loc 1 463 5 is_stmt 1 view .LVU356
 463:Core/Src/haptic_feedback_controller.c ****     return HAL_I2C_Master_Transmit(&hi2c1, DRV2605L_I2C_ADDR, data, 2, HAL_MAX_DELAY);
 1646              		.loc 1 463 13 is_stmt 0 view .LVU357
 1647 0014 03AA     		add	r2, sp, #12
 1648 0016 0223     		movs	r3, #2
 1649 0018 1370     		strb	r3, [r2]
 1650 001a 5470     		strb	r4, [r2, #1]
 464:Core/Src/haptic_feedback_controller.c **** }
 1651              		.loc 1 464 5 is_stmt 1 view .LVU358
 464:Core/Src/haptic_feedback_controller.c **** }
 1652              		.loc 1 464 12 is_stmt 0 view .LVU359
 1653 001c 0348     		ldr	r0, .L89
 1654              	.LVL163:
 464:Core/Src/haptic_feedback_controller.c **** }
 1655              		.loc 1 464 12 view .LVU360
 1656 001e 033B     		subs	r3, r3, #3
 1657 0020 0093     		str	r3, [sp]
 1658 0022 0333     		adds	r3, r3, #3
 1659 0024 B421     		movs	r1, #180
 1660 0026 FFF7FEFF 		bl	HAL_I2C_Master_Transmit
 1661              	.LVL164:
 1662 002a F1E7     		b	.L87
 1663              	.L90:
 1664              		.align	2
 1665              	.L89:
 1666 002c 00000000 		.word	hi2c1
 1667              		.cfi_endproc
 1668              	.LFE66:
 1670              		.section	.text.haptic_feedback_calibrate,"ax",%progbits
 1671              		.align	1
 1672              		.global	haptic_feedback_calibrate
 1673              		.syntax unified
 1674              		.code	16
 1675              		.thumb_func
 1677              	haptic_feedback_calibrate:
 1678              	.LFB67:
 466:Core/Src/haptic_feedback_controller.c **** 
 467:Core/Src/haptic_feedback_controller.c **** /**
 468:Core/Src/haptic_feedback_controller.c ****  * @brief Runs the calibration routine.
 469:Core/Src/haptic_feedback_controller.c ****  *
 470:Core/Src/haptic_feedback_controller.c ****  * @return HAL_StatusTypeDef Status of the I2C operation.
 471:Core/Src/haptic_feedback_controller.c ****  */
 472:Core/Src/haptic_feedback_controller.c **** HAL_StatusTypeDef haptic_feedback_calibrate(void) {
 1679              		.loc 1 472 51 is_stmt 1 view -0
 1680              		.cfi_startproc
 1681              		@ args = 0, pretend = 0, frame = 0
 1682              		@ frame_needed = 0, uses_anonymous_args = 0
 1683 0000 10B5     		push	{r4, lr}
 1684              	.LCFI39:
 1685              		.cfi_def_cfa_offset 8
 1686              		.cfi_offset 4, -8
 1687              		.cfi_offset 14, -4
ARM GAS  /var/folders/bp/ytvqs5756l50d7lg2fzmjpcr0000gn/T//cc9bXJUW.s 			page 41


 473:Core/Src/haptic_feedback_controller.c ****     return haptic_feedback_set_mode(DRV2605L_MODE_CALIBRATION);
 1688              		.loc 1 473 5 view .LVU362
 1689              		.loc 1 473 12 is_stmt 0 view .LVU363
 1690 0002 0720     		movs	r0, #7
 1691 0004 FFF7FEFF 		bl	haptic_feedback_set_mode
 1692              	.LVL165:
 474:Core/Src/haptic_feedback_controller.c **** }
 1693              		.loc 1 474 1 view .LVU364
 1694              		@ sp needed
 1695 0008 10BD     		pop	{r4, pc}
 1696              		.cfi_endproc
 1697              	.LFE67:
 1699              		.section	.text.haptic_feedback_diagnostics,"ax",%progbits
 1700              		.align	1
 1701              		.global	haptic_feedback_diagnostics
 1702              		.syntax unified
 1703              		.code	16
 1704              		.thumb_func
 1706              	haptic_feedback_diagnostics:
 1707              	.LFB68:
 475:Core/Src/haptic_feedback_controller.c **** 
 476:Core/Src/haptic_feedback_controller.c **** /**
 477:Core/Src/haptic_feedback_controller.c ****  * @brief Runs the diagnostics routine.
 478:Core/Src/haptic_feedback_controller.c ****  *
 479:Core/Src/haptic_feedback_controller.c ****  * @return HAL_StatusTypeDef Status of the I2C operation.
 480:Core/Src/haptic_feedback_controller.c ****  */
 481:Core/Src/haptic_feedback_controller.c **** HAL_StatusTypeDef haptic_feedback_diagnostics(void) {
 1708              		.loc 1 481 53 is_stmt 1 view -0
 1709              		.cfi_startproc
 1710              		@ args = 0, pretend = 0, frame = 0
 1711              		@ frame_needed = 0, uses_anonymous_args = 0
 1712 0000 10B5     		push	{r4, lr}
 1713              	.LCFI40:
 1714              		.cfi_def_cfa_offset 8
 1715              		.cfi_offset 4, -8
 1716              		.cfi_offset 14, -4
 482:Core/Src/haptic_feedback_controller.c ****     return haptic_feedback_set_mode(DRV2605L_MODE_DIAGNOSTICS);
 1717              		.loc 1 482 5 view .LVU366
 1718              		.loc 1 482 12 is_stmt 0 view .LVU367
 1719 0002 0620     		movs	r0, #6
 1720 0004 FFF7FEFF 		bl	haptic_feedback_set_mode
 1721              	.LVL166:
 483:Core/Src/haptic_feedback_controller.c **** }
 1722              		.loc 1 483 1 view .LVU368
 1723              		@ sp needed
 1724 0008 10BD     		pop	{r4, pc}
 1725              		.cfi_endproc
 1726              	.LFE68:
 1728              		.section	.text.haptic_feedback_reset,"ax",%progbits
 1729              		.align	1
 1730              		.global	haptic_feedback_reset
 1731              		.syntax unified
 1732              		.code	16
 1733              		.thumb_func
 1735              	haptic_feedback_reset:
 1736              	.LFB69:
 484:Core/Src/haptic_feedback_controller.c **** 
ARM GAS  /var/folders/bp/ytvqs5756l50d7lg2fzmjpcr0000gn/T//cc9bXJUW.s 			page 42


 485:Core/Src/haptic_feedback_controller.c **** /**
 486:Core/Src/haptic_feedback_controller.c ****  * @brief Resets the haptic feedback controller.
 487:Core/Src/haptic_feedback_controller.c ****  */
 488:Core/Src/haptic_feedback_controller.c **** void haptic_feedback_reset(void) {
 1737              		.loc 1 488 34 is_stmt 1 view -0
 1738              		.cfi_startproc
 1739              		@ args = 0, pretend = 0, frame = 8
 1740              		@ frame_needed = 0, uses_anonymous_args = 0
 1741 0000 00B5     		push	{lr}
 1742              	.LCFI41:
 1743              		.cfi_def_cfa_offset 4
 1744              		.cfi_offset 14, -4
 1745 0002 85B0     		sub	sp, sp, #20
 1746              	.LCFI42:
 1747              		.cfi_def_cfa_offset 24
 489:Core/Src/haptic_feedback_controller.c ****     uint8_t data[2] = {DRV2605L_REG_MODE, 0x80}; // 0x80 is the reset command
 1748              		.loc 1 489 5 view .LVU370
 1749              		.loc 1 489 13 is_stmt 0 view .LVU371
 1750 0004 03AA     		add	r2, sp, #12
 1751 0006 064B     		ldr	r3, .L94
 1752 0008 1380     		strh	r3, [r2]
 490:Core/Src/haptic_feedback_controller.c ****     HAL_I2C_Master_Transmit(&hi2c1, DRV2605L_I2C_ADDR, data, 2, HAL_MAX_DELAY);
 1753              		.loc 1 490 5 is_stmt 1 view .LVU372
 1754 000a 0648     		ldr	r0, .L94+4
 1755 000c 0123     		movs	r3, #1
 1756 000e 5B42     		rsbs	r3, r3, #0
 1757 0010 0093     		str	r3, [sp]
 1758 0012 0333     		adds	r3, r3, #3
 1759 0014 B421     		movs	r1, #180
 1760 0016 FFF7FEFF 		bl	HAL_I2C_Master_Transmit
 1761              	.LVL167:
 491:Core/Src/haptic_feedback_controller.c **** }
 1762              		.loc 1 491 1 is_stmt 0 view .LVU373
 1763 001a 05B0     		add	sp, sp, #20
 1764              		@ sp needed
 1765 001c 00BD     		pop	{pc}
 1766              	.L95:
 1767 001e C046     		.align	2
 1768              	.L94:
 1769 0020 0180FFFF 		.word	-32767
 1770 0024 00000000 		.word	hi2c1
 1771              		.cfi_endproc
 1772              	.LFE69:
 1774              		.text
 1775              	.Letext0:
 1776              		.file 2 "/Applications/ArmGNUToolchain/14.2.rel1/arm-none-eabi/arm-none-eabi/include/machine/_defa
 1777              		.file 3 "/Applications/ArmGNUToolchain/14.2.rel1/arm-none-eabi/arm-none-eabi/include/sys/_stdint.h
 1778              		.file 4 "Drivers/CMSIS/Device/ST/STM32F0xx/Include/stm32f030x8.h"
 1779              		.file 5 "Drivers/STM32F0xx_HAL_Driver/Inc/stm32f0xx_hal_def.h"
 1780              		.file 6 "Drivers/STM32F0xx_HAL_Driver/Inc/stm32f0xx_hal_gpio.h"
 1781              		.file 7 "Drivers/STM32F0xx_HAL_Driver/Inc/stm32f0xx_hal_dma.h"
 1782              		.file 8 "Drivers/STM32F0xx_HAL_Driver/Inc/stm32f0xx_hal_i2c.h"
 1783              		.file 9 "Core/Inc/haptic_feedback_controller.h"
 1784              		.file 10 "Drivers/STM32F0xx_HAL_Driver/Inc/stm32f0xx_hal.h"
 1785              		.file 11 "Core/Inc/peripherals.h"
ARM GAS  /var/folders/bp/ytvqs5756l50d7lg2fzmjpcr0000gn/T//cc9bXJUW.s 			page 43


DEFINED SYMBOLS
                            *ABS*:00000000 haptic_feedback_controller.c
/var/folders/bp/ytvqs5756l50d7lg2fzmjpcr0000gn/T//cc9bXJUW.s:19     .text.haptic_feedback_modify_register:00000000 $t
/var/folders/bp/ytvqs5756l50d7lg2fzmjpcr0000gn/T//cc9bXJUW.s:24     .text.haptic_feedback_modify_register:00000000 haptic_feedback_modify_register
/var/folders/bp/ytvqs5756l50d7lg2fzmjpcr0000gn/T//cc9bXJUW.s:135    .text.haptic_feedback_modify_register:00000070 $d
/var/folders/bp/ytvqs5756l50d7lg2fzmjpcr0000gn/T//cc9bXJUW.s:140    .text.haptic_feedback_enable:00000000 $t
/var/folders/bp/ytvqs5756l50d7lg2fzmjpcr0000gn/T//cc9bXJUW.s:146    .text.haptic_feedback_enable:00000000 haptic_feedback_enable
/var/folders/bp/ytvqs5756l50d7lg2fzmjpcr0000gn/T//cc9bXJUW.s:170    .text.haptic_feedback_enable:00000010 $d
/var/folders/bp/ytvqs5756l50d7lg2fzmjpcr0000gn/T//cc9bXJUW.s:175    .text.haptic_feedback_disable:00000000 $t
/var/folders/bp/ytvqs5756l50d7lg2fzmjpcr0000gn/T//cc9bXJUW.s:181    .text.haptic_feedback_disable:00000000 haptic_feedback_disable
/var/folders/bp/ytvqs5756l50d7lg2fzmjpcr0000gn/T//cc9bXJUW.s:205    .text.haptic_feedback_disable:00000010 $d
/var/folders/bp/ytvqs5756l50d7lg2fzmjpcr0000gn/T//cc9bXJUW.s:210    .text.haptic_feedback_set_actuator_type:00000000 $t
/var/folders/bp/ytvqs5756l50d7lg2fzmjpcr0000gn/T//cc9bXJUW.s:216    .text.haptic_feedback_set_actuator_type:00000000 haptic_feedback_set_actuator_type
/var/folders/bp/ytvqs5756l50d7lg2fzmjpcr0000gn/T//cc9bXJUW.s:259    .text.haptic_feedback_set_brake_factor:00000000 $t
/var/folders/bp/ytvqs5756l50d7lg2fzmjpcr0000gn/T//cc9bXJUW.s:265    .text.haptic_feedback_set_brake_factor:00000000 haptic_feedback_set_brake_factor
/var/folders/bp/ytvqs5756l50d7lg2fzmjpcr0000gn/T//cc9bXJUW.s:301    .text.haptic_feedback_set_loop_gain:00000000 $t
/var/folders/bp/ytvqs5756l50d7lg2fzmjpcr0000gn/T//cc9bXJUW.s:307    .text.haptic_feedback_set_loop_gain:00000000 haptic_feedback_set_loop_gain
/var/folders/bp/ytvqs5756l50d7lg2fzmjpcr0000gn/T//cc9bXJUW.s:343    .text.haptic_feedback_set_rated_voltage:00000000 $t
/var/folders/bp/ytvqs5756l50d7lg2fzmjpcr0000gn/T//cc9bXJUW.s:349    .text.haptic_feedback_set_rated_voltage:00000000 haptic_feedback_set_rated_voltage
/var/folders/bp/ytvqs5756l50d7lg2fzmjpcr0000gn/T//cc9bXJUW.s:388    .text.haptic_feedback_set_rated_voltage:00000020 $d
/var/folders/bp/ytvqs5756l50d7lg2fzmjpcr0000gn/T//cc9bXJUW.s:393    .text.haptic_feedback_set_od_clamp:00000000 $t
/var/folders/bp/ytvqs5756l50d7lg2fzmjpcr0000gn/T//cc9bXJUW.s:399    .text.haptic_feedback_set_od_clamp:00000000 haptic_feedback_set_od_clamp
/var/folders/bp/ytvqs5756l50d7lg2fzmjpcr0000gn/T//cc9bXJUW.s:438    .text.haptic_feedback_set_od_clamp:00000020 $d
/var/folders/bp/ytvqs5756l50d7lg2fzmjpcr0000gn/T//cc9bXJUW.s:443    .text.haptic_feedback_set_auto_calibration_time:00000000 $t
/var/folders/bp/ytvqs5756l50d7lg2fzmjpcr0000gn/T//cc9bXJUW.s:449    .text.haptic_feedback_set_auto_calibration_time:00000000 haptic_feedback_set_auto_calibration_time
/var/folders/bp/ytvqs5756l50d7lg2fzmjpcr0000gn/T//cc9bXJUW.s:485    .text.haptic_feedback_set_drive_time:00000000 $t
/var/folders/bp/ytvqs5756l50d7lg2fzmjpcr0000gn/T//cc9bXJUW.s:491    .text.haptic_feedback_set_drive_time:00000000 haptic_feedback_set_drive_time
/var/folders/bp/ytvqs5756l50d7lg2fzmjpcr0000gn/T//cc9bXJUW.s:526    .text.haptic_feedback_set_sample_time:00000000 $t
/var/folders/bp/ytvqs5756l50d7lg2fzmjpcr0000gn/T//cc9bXJUW.s:532    .text.haptic_feedback_set_sample_time:00000000 haptic_feedback_set_sample_time
/var/folders/bp/ytvqs5756l50d7lg2fzmjpcr0000gn/T//cc9bXJUW.s:568    .text.haptic_feedback_set_blanking_time:00000000 $t
/var/folders/bp/ytvqs5756l50d7lg2fzmjpcr0000gn/T//cc9bXJUW.s:574    .text.haptic_feedback_set_blanking_time:00000000 haptic_feedback_set_blanking_time
/var/folders/bp/ytvqs5756l50d7lg2fzmjpcr0000gn/T//cc9bXJUW.s:637    .text.haptic_feedback_set_idiss_time:00000000 $t
/var/folders/bp/ytvqs5756l50d7lg2fzmjpcr0000gn/T//cc9bXJUW.s:643    .text.haptic_feedback_set_idiss_time:00000000 haptic_feedback_set_idiss_time
/var/folders/bp/ytvqs5756l50d7lg2fzmjpcr0000gn/T//cc9bXJUW.s:705    .text.haptic_feedback_set_zc_det_time:00000000 $t
/var/folders/bp/ytvqs5756l50d7lg2fzmjpcr0000gn/T//cc9bXJUW.s:711    .text.haptic_feedback_set_zc_det_time:00000000 haptic_feedback_set_zc_det_time
/var/folders/bp/ytvqs5756l50d7lg2fzmjpcr0000gn/T//cc9bXJUW.s:746    .text.haptic_feedback_set_open_loop:00000000 $t
/var/folders/bp/ytvqs5756l50d7lg2fzmjpcr0000gn/T//cc9bXJUW.s:752    .text.haptic_feedback_set_open_loop:00000000 haptic_feedback_set_open_loop
/var/folders/bp/ytvqs5756l50d7lg2fzmjpcr0000gn/T//cc9bXJUW.s:784    .text.haptic_feedback_set_ol_lra_period:00000000 $t
/var/folders/bp/ytvqs5756l50d7lg2fzmjpcr0000gn/T//cc9bXJUW.s:790    .text.haptic_feedback_set_ol_lra_period:00000000 haptic_feedback_set_ol_lra_period
/var/folders/bp/ytvqs5756l50d7lg2fzmjpcr0000gn/T//cc9bXJUW.s:844    .text.haptic_feedback_set_ol_lra_period:0000002c $d
/var/folders/bp/ytvqs5756l50d7lg2fzmjpcr0000gn/T//cc9bXJUW.s:851    .text.haptic_feedback_set_mode:00000000 $t
/var/folders/bp/ytvqs5756l50d7lg2fzmjpcr0000gn/T//cc9bXJUW.s:857    .text.haptic_feedback_set_mode:00000000 haptic_feedback_set_mode
/var/folders/bp/ytvqs5756l50d7lg2fzmjpcr0000gn/T//cc9bXJUW.s:896    .text.haptic_feedback_set_mode:00000020 $d
/var/folders/bp/ytvqs5756l50d7lg2fzmjpcr0000gn/T//cc9bXJUW.s:901    .text.haptic_feedback_init_for_wideband_LRA:00000000 $t
/var/folders/bp/ytvqs5756l50d7lg2fzmjpcr0000gn/T//cc9bXJUW.s:907    .text.haptic_feedback_init_for_wideband_LRA:00000000 haptic_feedback_init_for_wideband_LRA
/var/folders/bp/ytvqs5756l50d7lg2fzmjpcr0000gn/T//cc9bXJUW.s:996    .text.haptic_feedback_init_for_wideband_LRA:00000040 $d
/var/folders/bp/ytvqs5756l50d7lg2fzmjpcr0000gn/T//cc9bXJUW.s:1001   .text.haptic_feedback_controller_initialize:00000000 $t
/var/folders/bp/ytvqs5756l50d7lg2fzmjpcr0000gn/T//cc9bXJUW.s:1007   .text.haptic_feedback_controller_initialize:00000000 haptic_feedback_controller_initialize
/var/folders/bp/ytvqs5756l50d7lg2fzmjpcr0000gn/T//cc9bXJUW.s:1067   .text.haptic_feedback_get_calibration_diagnostic_result:00000000 $t
/var/folders/bp/ytvqs5756l50d7lg2fzmjpcr0000gn/T//cc9bXJUW.s:1073   .text.haptic_feedback_get_calibration_diagnostic_result:00000000 haptic_feedback_get_calibration_diagnostic_result
/var/folders/bp/ytvqs5756l50d7lg2fzmjpcr0000gn/T//cc9bXJUW.s:1144   .text.haptic_feedback_get_calibration_diagnostic_result:00000040 $d
/var/folders/bp/ytvqs5756l50d7lg2fzmjpcr0000gn/T//cc9bXJUW.s:1149   .text.haptic_feedback_set_library:00000000 $t
/var/folders/bp/ytvqs5756l50d7lg2fzmjpcr0000gn/T//cc9bXJUW.s:1155   .text.haptic_feedback_set_library:00000000 haptic_feedback_set_library
/var/folders/bp/ytvqs5756l50d7lg2fzmjpcr0000gn/T//cc9bXJUW.s:1194   .text.haptic_feedback_set_library:00000020 $d
/var/folders/bp/ytvqs5756l50d7lg2fzmjpcr0000gn/T//cc9bXJUW.s:1199   .text.haptic_feedback_start:00000000 $t
/var/folders/bp/ytvqs5756l50d7lg2fzmjpcr0000gn/T//cc9bXJUW.s:1205   .text.haptic_feedback_start:00000000 haptic_feedback_start
/var/folders/bp/ytvqs5756l50d7lg2fzmjpcr0000gn/T//cc9bXJUW.s:1241   .text.haptic_feedback_start:00000020 $d
ARM GAS  /var/folders/bp/ytvqs5756l50d7lg2fzmjpcr0000gn/T//cc9bXJUW.s 			page 44


/var/folders/bp/ytvqs5756l50d7lg2fzmjpcr0000gn/T//cc9bXJUW.s:1246   .text.haptic_feedback_run_auto_calibration_procedure:00000000 $t
/var/folders/bp/ytvqs5756l50d7lg2fzmjpcr0000gn/T//cc9bXJUW.s:1252   .text.haptic_feedback_run_auto_calibration_procedure:00000000 haptic_feedback_run_auto_calibration_procedure
/var/folders/bp/ytvqs5756l50d7lg2fzmjpcr0000gn/T//cc9bXJUW.s:1381   .text.haptic_feedback_run_auto_calibration_procedure:00000084 $d
/var/folders/bp/ytvqs5756l50d7lg2fzmjpcr0000gn/T//cc9bXJUW.s:1387   .text.haptic_feedback_play_waveform:00000000 $t
/var/folders/bp/ytvqs5756l50d7lg2fzmjpcr0000gn/T//cc9bXJUW.s:1393   .text.haptic_feedback_play_waveform:00000000 haptic_feedback_play_waveform
/var/folders/bp/ytvqs5756l50d7lg2fzmjpcr0000gn/T//cc9bXJUW.s:1450   .text.haptic_feedback_play_waveform:0000002c $d
/var/folders/bp/ytvqs5756l50d7lg2fzmjpcr0000gn/T//cc9bXJUW.s:1455   .text.haptic_feedback_stop:00000000 $t
/var/folders/bp/ytvqs5756l50d7lg2fzmjpcr0000gn/T//cc9bXJUW.s:1461   .text.haptic_feedback_stop:00000000 haptic_feedback_stop
/var/folders/bp/ytvqs5756l50d7lg2fzmjpcr0000gn/T//cc9bXJUW.s:1495   .text.haptic_feedback_stop:0000001c $d
/var/folders/bp/ytvqs5756l50d7lg2fzmjpcr0000gn/T//cc9bXJUW.s:1500   .text.haptic_feedback_is_active:00000000 $t
/var/folders/bp/ytvqs5756l50d7lg2fzmjpcr0000gn/T//cc9bXJUW.s:1506   .text.haptic_feedback_is_active:00000000 haptic_feedback_is_active
/var/folders/bp/ytvqs5756l50d7lg2fzmjpcr0000gn/T//cc9bXJUW.s:1595   .text.haptic_feedback_is_active:00000058 $d
/var/folders/bp/ytvqs5756l50d7lg2fzmjpcr0000gn/T//cc9bXJUW.s:1600   .text.haptic_feedback_rtp_mode:00000000 $t
/var/folders/bp/ytvqs5756l50d7lg2fzmjpcr0000gn/T//cc9bXJUW.s:1606   .text.haptic_feedback_rtp_mode:00000000 haptic_feedback_rtp_mode
/var/folders/bp/ytvqs5756l50d7lg2fzmjpcr0000gn/T//cc9bXJUW.s:1666   .text.haptic_feedback_rtp_mode:0000002c $d
/var/folders/bp/ytvqs5756l50d7lg2fzmjpcr0000gn/T//cc9bXJUW.s:1671   .text.haptic_feedback_calibrate:00000000 $t
/var/folders/bp/ytvqs5756l50d7lg2fzmjpcr0000gn/T//cc9bXJUW.s:1677   .text.haptic_feedback_calibrate:00000000 haptic_feedback_calibrate
/var/folders/bp/ytvqs5756l50d7lg2fzmjpcr0000gn/T//cc9bXJUW.s:1700   .text.haptic_feedback_diagnostics:00000000 $t
/var/folders/bp/ytvqs5756l50d7lg2fzmjpcr0000gn/T//cc9bXJUW.s:1706   .text.haptic_feedback_diagnostics:00000000 haptic_feedback_diagnostics
/var/folders/bp/ytvqs5756l50d7lg2fzmjpcr0000gn/T//cc9bXJUW.s:1729   .text.haptic_feedback_reset:00000000 $t
/var/folders/bp/ytvqs5756l50d7lg2fzmjpcr0000gn/T//cc9bXJUW.s:1735   .text.haptic_feedback_reset:00000000 haptic_feedback_reset
/var/folders/bp/ytvqs5756l50d7lg2fzmjpcr0000gn/T//cc9bXJUW.s:1769   .text.haptic_feedback_reset:00000020 $d

UNDEFINED SYMBOLS
HAL_I2C_Master_Transmit
HAL_I2C_Master_Receive
hi2c1
HAL_GPIO_WritePin
__aeabi_i2d
__aeabi_dmul
__aeabi_ddiv
__aeabi_d2uiz
HAL_Delay
